<?xml version="1.0" encoding="UTF-8"?><ImplementationGuide xmlns="http://hl7.org/fhir"><id value="hl7.fhir.us.ga4gh.phenopacket"/><text><status value="extensions"/><div xmlns="http://www.w3.org/1999/xhtml"><h2>GA4GHPhenopacketIG</h2><p>The official URL for this implementation guide is: </p><pre>https://github.com/phenopackets/core-ig/ImplementationGuide/hl7.fhir.us.ga4gh.phenopacket</pre><div><p>FHIR implementation guide for the Global Alliance for Genomics and Health Phenopacket standard.</p>
</div></div></text><url value="https://github.com/phenopackets/core-ig/ImplementationGuide/hl7.fhir.us.ga4gh.phenopacket"/><version value="0.1.0"/><name value="GA4GHPhenopacketIG"/><title value="GA4GH Phenopacket (version 2) FHIR Implementation Guide"/><status value="draft"/><date value="2022-09-07T17:42:27+00:00"/><publisher value="Global Alliance for Genomics and Health - Clinical and Phenotypic Data Capture Work Stream"/><contact><name value="Global Alliance for Genomics and Health - Clinical and Phenotypic Data Capture Work Stream"/><telecom><system value="url"/><value value="https://www.ga4gh.org/work_stream/clinical-phenotypic-data-capture-2/"/></telecom></contact><description value="FHIR implementation guide for the Global Alliance for Genomics and Health Phenopacket standard."/><jurisdiction><coding><system value="urn:iso:std:iso:3166"/><code value="US"/></coding></jurisdiction><copyright value="[Global Alliance for Genomics and Health](https://www.ga4gh.org)"/><packageId value="hl7.fhir.us.ga4gh.phenopacket"/><license value="CC0-1.0"/><fhirVersion value="4.0.1"/><dependsOn id="hl7tx"><uri value="http://terminology.hl7.org/ImplementationGuide/hl7.terminology"/><packageId value="hl7.terminology.r4"/><version value="3.1.0"/></dependsOn><dependsOn id="hl7_fhir_uv_genomics_reporting"><uri value="http://hl7.org/fhir/uv/genomics-reporting/ImplementationGuide/hl7.fhir.uv.genomics-reporting"/><packageId value="hl7.fhir.uv.genomics-reporting"/><version value="1.0.0"/></dependsOn><definition><extension url="http://hl7.org/fhir/tools/StructureDefinition/ig-parameter"><extension url="code"><valueString value="copyrightyear"/></extension><extension url="value"><valueString value="2021+"/></extension></extension><extension url="http://hl7.org/fhir/tools/StructureDefinition/ig-parameter"><extension url="code"><valueString value="releaselabel"/></extension><extension url="value"><valueString value="ci-build"/></extension></extension><extension url="http://hl7.org/fhir/tools/StructureDefinition/ig-parameter"><extension url="code"><valueString value="apply-contact"/></extension><extension url="value"><valueString value="true"/></extension></extension><extension url="http://hl7.org/fhir/tools/StructureDefinition/ig-parameter"><extension url="code"><valueString value="apply-jurisdiction"/></extension><extension url="value"><valueString value="true"/></extension></extension><extension url="http://hl7.org/fhir/tools/StructureDefinition/ig-parameter"><extension url="code"><valueString value="apply-publisher"/></extension><extension url="value"><valueString value="true"/></extension></extension><extension url="http://hl7.org/fhir/tools/StructureDefinition/ig-parameter"><extension url="code"><valueString value="autoload-resources"/></extension><extension url="value"><valueString value="true"/></extension></extension><extension url="http://hl7.org/fhir/tools/StructureDefinition/ig-parameter"><extension url="code"><valueString value="path-liquid"/></extension><extension url="value"><valueString value="template/liquid"/></extension></extension><extension url="http://hl7.org/fhir/tools/StructureDefinition/ig-parameter"><extension url="code"><valueString value="path-liquid"/></extension><extension url="value"><valueString value="input/liquid"/></extension></extension><extension url="http://hl7.org/fhir/tools/StructureDefinition/ig-parameter"><extension url="code"><valueString value="path-qa"/></extension><extension url="value"><valueString value="temp/qa"/></extension></extension><extension url="http://hl7.org/fhir/tools/StructureDefinition/ig-parameter"><extension url="code"><valueString value="path-temp"/></extension><extension url="value"><valueString value="temp/pages"/></extension></extension><extension url="http://hl7.org/fhir/tools/StructureDefinition/ig-parameter"><extension url="code"><valueString value="path-output"/></extension><extension url="value"><valueString value="output"/></extension></extension><extension url="http://hl7.org/fhir/tools/StructureDefinition/ig-parameter"><extension url="code"><valueString value="path-suppressed-warnings"/></extension><extension url="value"><valueString value="input/ignoreWarnings.txt"/></extension></extension><extension url="http://hl7.org/fhir/tools/StructureDefinition/ig-parameter"><extension url="code"><valueString value="path-history"/></extension><extension url="value"><valueString value="https://github.com/phenopackets/core-ig/history.html"/></extension></extension><extension url="http://hl7.org/fhir/tools/StructureDefinition/ig-parameter"><extension url="code"><valueString value="template-html"/></extension><extension url="value"><valueString value="template-page.html"/></extension></extension><extension url="http://hl7.org/fhir/tools/StructureDefinition/ig-parameter"><extension url="code"><valueString value="template-md"/></extension><extension url="value"><valueString value="template-page-md.html"/></extension></extension><extension url="http://hl7.org/fhir/tools/StructureDefinition/ig-parameter"><extension url="code"><valueString value="apply-context"/></extension><extension url="value"><valueString value="true"/></extension></extension><extension url="http://hl7.org/fhir/tools/StructureDefinition/ig-parameter"><extension url="code"><valueString value="apply-copyright"/></extension><extension url="value"><valueString value="true"/></extension></extension><extension url="http://hl7.org/fhir/tools/StructureDefinition/ig-parameter"><extension url="code"><valueString value="apply-license"/></extension><extension url="value"><valueString value="true"/></extension></extension><extension url="http://hl7.org/fhir/tools/StructureDefinition/ig-parameter"><extension url="code"><valueString value="apply-version"/></extension><extension url="value"><valueString value="true"/></extension></extension><extension url="http://hl7.org/fhir/tools/StructureDefinition/ig-parameter"><extension url="code"><valueString value="active-tables"/></extension><extension url="value"><valueString value="true"/></extension></extension><extension url="http://hl7.org/fhir/tools/StructureDefinition/ig-parameter"><extension url="code"><valueString value="fmm-definition"/></extension><extension url="value"><valueString value="http://hl7.org/fhir/versions.html#maturity"/></extension></extension><extension url="http://hl7.org/fhir/tools/StructureDefinition/ig-parameter"><extension url="code"><valueString value="propagate-status"/></extension><extension url="value"><valueString value="true"/></extension></extension><extension url="http://hl7.org/fhir/tools/StructureDefinition/ig-parameter"><extension url="code"><valueString value="excludelogbinaryformat"/></extension><extension url="value"><valueString value="true"/></extension></extension><grouping id="-dyn-searchparameter"><name value="Behavior: Search Parameters"/><description value="These define the properties by which a RESTful server can be searched.  They can also be used for sorting and including related resources."/></grouping><grouping id="-str-profile"><name value="Structures: Resource Profiles"/><description value="These define constraints on FHIR resources for systems conforming to this implementation guide"/></grouping><grouping id="-str-extension"><name value="Structures: Extension Definitions"/><description value="These define constraints on FHIR data types for systems conforming to this implementation guide"/></grouping><grouping id="-term-valueset"><name value="Terminology: Value Sets"/><description value="These define sets of codes used by systems conforming to this implementation guide"/></grouping><grouping id="-term-codesystem"><name value="Terminology: Code Systems"/><description value="These define new code systems used by systems conforming to this implementation guide"/></grouping><grouping id="-ex-example"><name value="Example: Example Instances"/><description value="These are example instances that show what data produced and consumed by systems conforming with this implementation guide might look like"/></grouping><resource><extension url="http://hl7.org/fhir/StructureDefinition/implementationguide-page"><valueUri value="StructureDefinition-Biosample.html"/></extension><reference><reference value="StructureDefinition/Biosample"/></reference><name value="Biosample"/><description value="A unit of biological material from which the substrate molecules (e.g. genomic DNA, RNA, proteins) for molecular analyses (e.g. sequencing, array hybridisation, mass-spectrometry) are extracted."/><exampleBoolean value="false"/><groupingId value="-str-profile"/></resource><resource><extension url="http://hl7.org/fhir/StructureDefinition/implementationguide-page"><valueUri value="StructureDefinition-Disease.html"/></extension><reference><reference value="StructureDefinition/Disease"/></reference><name value="Disease profile"/><description value="This profile stipulates that a FHIR Condition must have a codeable concept that represents the disease. The concepts can be taken from various ontologies, but for rare-disease concepts, we recommend MONDO."/><exampleBoolean value="false"/><groupingId value="-str-profile"/></resource><resource><extension url="http://hl7.org/fhir/StructureDefinition/implementationguide-page"><valueUri value="StructureDefinition-Individual.html"/></extension><reference><reference value="StructureDefinition/Individual"/></reference><name value="Individual"/><description value="The subject of the Phenopacket is represented by an Individual element. This element intends to represent an individual human or other organism."/><exampleBoolean value="false"/><groupingId value="-str-profile"/></resource><resource><extension url="http://hl7.org/fhir/StructureDefinition/implementationguide-page"><valueUri value="StructureDefinition-Measurement.html"/></extension><reference><reference value="StructureDefinition/Measurement"/></reference><name value="Measurement"/><description value="This profile defines the GA4GH Measurement element in terms of the FHIR Observation"/><exampleBoolean value="false"/><groupingId value="-str-profile"/></resource><resource><extension url="http://hl7.org/fhir/StructureDefinition/implementationguide-page"><valueUri value="StructureDefinition-Phenopacket.html"/></extension><reference><reference value="StructureDefinition/Phenopacket"/></reference><name value="Phenopacket profile"/><description value="This is the main element that represents the Phenopacket in FHIR."/><exampleBoolean value="false"/><groupingId value="-str-profile"/></resource><resource><extension url="http://hl7.org/fhir/StructureDefinition/implementationguide-page"><valueUri value="StructureDefinition-phenopackets-genomic-interpretation.html"/></extension><reference><reference value="StructureDefinition/phenopackets-genomic-interpretation"/></reference><name value="Phenopackets Genomic Interpretation"/><description value="A profile of Genomics Reporting Genomics Report profile that represents relevant &#xA;              phenopackets building blocks."/><exampleBoolean value="false"/><groupingId value="-str-profile"/></resource><resource><extension url="http://hl7.org/fhir/StructureDefinition/implementationguide-page"><valueUri value="StructureDefinition-phenopackets-variant.html"/></extension><reference><reference value="StructureDefinition/phenopackets-variant"/></reference><name value="Phenopackets Variant"/><description value="A profile of Genomics Reporting Variant profile that represents relevant phenopackets building blocks."/><exampleBoolean value="false"/><groupingId value="-str-profile"/></resource><resource><extension url="http://hl7.org/fhir/StructureDefinition/implementationguide-page"><valueUri value="StructureDefinition-PhenotypicFeature.html"/></extension><reference><reference value="StructureDefinition/PhenotypicFeature"/></reference><name value="Phenotypic Feature"/><description value="This profile defines the GA4GH PhenotypicFeature element in terms of the FHIR Observation"/><exampleBoolean value="false"/><groupingId value="-str-profile"/></resource><resource><extension url="http://hl7.org/fhir/StructureDefinition/implementationguide-page"><valueUri value="StructureDefinition-Treatment.html"/></extension><reference><reference value="StructureDefinition/Treatment"/></reference><name value="Treatment"/><description value="This profile defines the GA4GH Treatment element in terms of the FHIR MedicationAdministration"/><exampleBoolean value="false"/><groupingId value="-str-profile"/></resource><resource><extension url="http://hl7.org/fhir/StructureDefinition/implementationguide-page"><valueUri value="StructureDefinition-acmg-pathogenicity-classification.html"/></extension><reference><reference value="StructureDefinition/acmg-pathogenicity-classification"/></reference><name value="ACMG Pathogenicity Classification"/><description value="One of the five ACMG pathogenicity categories, default is UNCERTAIN_SIGNIFICANCE."/><exampleBoolean value="false"/><groupingId value="-str-extension"/></resource><resource><extension url="http://hl7.org/fhir/StructureDefinition/implementationguide-page"><valueUri value="StructureDefinition-additional-variant-identifier.html"/></extension><reference><reference value="StructureDefinition/additional-variant-identifier"/></reference><name value="Additional Variant Identifier"/><description value="Used to  list of unique identifiers where available. If this is a dbSNP variant, component[dbSNP-id] should be used instead."/><exampleBoolean value="false"/><groupingId value="-str-extension"/></resource><resource><extension url="http://hl7.org/fhir/StructureDefinition/implementationguide-page"><valueUri value="StructureDefinition-CodedOnset.html"/></extension><reference><reference value="StructureDefinition/CodedOnset"/></reference><name value="Coded Onset"/><description value="The onset of a disease using an ontology class."/><exampleBoolean value="false"/><groupingId value="-str-extension"/></resource><resource><extension url="http://hl7.org/fhir/StructureDefinition/implementationguide-page"><valueUri value="StructureDefinition-DiagnosticMarker.html"/></extension><reference><reference value="StructureDefinition/DiagnosticMarker"/></reference><name value="Diagnostic Marker"/><description value="Clinically relevant biomarkers. Most of the assays such as immunohistochemistry (IHC) are covered by the NCIT under the sub-hierarchy NCIT:C36292 (Laboratory Test Result), e.g. NCIT:C68748 (HER2/Neu Positive), NCIT:C131711 (Human Papillomavirus-18 Positive)."/><exampleBoolean value="false"/><groupingId value="-str-extension"/></resource><resource><extension url="http://hl7.org/fhir/StructureDefinition/implementationguide-page"><valueUri value="StructureDefinition-filter-status.html"/></extension><reference><reference value="StructureDefinition/filter-status"/></reference><name value="Filter Status"/><description value="Filter status: PASS if this position has passed all filters."/><exampleBoolean value="false"/><groupingId value="-str-extension"/></resource><resource><extension url="http://hl7.org/fhir/StructureDefinition/implementationguide-page"><valueUri value="StructureDefinition-HistologicalDiagnosis.html"/></extension><reference><reference value="StructureDefinition/HistologicalDiagnosis"/></reference><name value="Histological Diagnosis"/><description value="This is the pathologist???s diagnosis and may often represent a refinement of the clinical diagnosis (which could be reported in the Phenopacket that contains this Biosample). Normal samples would be tagged with the term ???NCIT:C38757???, ???Negative Finding???."/><exampleBoolean value="false"/><groupingId value="-str-extension"/></resource><resource><extension url="http://hl7.org/fhir/StructureDefinition/implementationguide-page"><valueUri value="StructureDefinition-interpretation-status.html"/></extension><reference><reference value="StructureDefinition/interpretation-status"/></reference><name value="Interpretation Status"/><description value="Describes the conclusion made about the genomic interpretation."/><exampleBoolean value="false"/><groupingId value="-str-extension"/></resource><resource><extension url="http://hl7.org/fhir/StructureDefinition/implementationguide-page"><valueUri value="StructureDefinition-KaryotypicSex.html"/></extension><reference><reference value="StructureDefinition/KaryotypicSex"/></reference><name value="Karyotypic Sex"/><description value="Karyotypic sex of an individual (also known as chromosomal sex)."/><exampleBoolean value="false"/><groupingId value="-str-extension"/></resource><resource><extension url="http://hl7.org/fhir/StructureDefinition/implementationguide-page"><valueUri value="StructureDefinition-MaterialSample.html"/></extension><reference><reference value="StructureDefinition/MaterialSample"/></reference><name value="Material Sample"/><description value="Type of sample (diseases, control, etc.)"/><exampleBoolean value="false"/><groupingId value="-str-extension"/></resource><resource><extension url="http://hl7.org/fhir/StructureDefinition/implementationguide-page"><valueUri value="StructureDefinition-MeasurementExt.html"/></extension><reference><reference value="StructureDefinition/MeasurementExt"/></reference><name value="Measurement (Biosample)"/><description value="Term representing a measurement made on a Biosample"/><exampleBoolean value="false"/><groupingId value="-str-extension"/></resource><resource><extension url="http://hl7.org/fhir/StructureDefinition/implementationguide-page"><valueUri value="StructureDefinition-molecule-context.html"/></extension><reference><reference value="StructureDefinition/molecule-context"/></reference><name value="Molecule Context"/><description value="The molecular context of the vrs variation."/><exampleBoolean value="false"/><groupingId value="-str-extension"/></resource><resource><extension url="http://hl7.org/fhir/StructureDefinition/implementationguide-page"><valueUri value="StructureDefinition-Onset.html"/></extension><reference><reference value="StructureDefinition/Onset"/></reference><name value="Onset"/><description value="Describes the age at which a phenotypic feature was first noticed or diagnosed."/><exampleBoolean value="false"/><groupingId value="-str-extension"/></resource><resource><extension url="http://hl7.org/fhir/StructureDefinition/implementationguide-page"><valueUri value="StructureDefinition-PathologicalStage.html"/></extension><reference><reference value="StructureDefinition/PathologicalStage"/></reference><name value="Pathological Tumor Stage"/><description value="This element can be used if the phenopacket describes cancer. Tumor staging describes the extent of growth of cancer, including the tumor and, if applicable, affected lymph nodes and distant metastases. This element should not be confused with clinical stage."/><exampleBoolean value="false"/><groupingId value="-str-extension"/></resource><resource><extension url="http://hl7.org/fhir/StructureDefinition/implementationguide-page"><valueUri value="StructureDefinition-PathologicalTnmFinding.html"/></extension><reference><reference value="StructureDefinition/PathologicalTnmFinding"/></reference><name value=" Pathological TNM Finding"/><description value="Pathological TNM findings, if applicable. Corresponds to pathological_tnm_finding (GA4GH)"/><exampleBoolean value="false"/><groupingId value="-str-extension"/></resource><resource><extension url="http://hl7.org/fhir/StructureDefinition/implementationguide-page"><valueUri value="StructureDefinition-PhenotypicFeatureExt.html"/></extension><reference><reference value="StructureDefinition/PhenotypicFeatureExt"/></reference><name value="Phenotypic Feature (Biosample)"/><description value="Term representing phenotypic features of a Biosample"/><exampleBoolean value="false"/><groupingId value="-str-extension"/></resource><resource><extension url="http://hl7.org/fhir/StructureDefinition/implementationguide-page"><valueUri value="StructureDefinition-phred-quality-score.html"/></extension><reference><reference value="StructureDefinition/phred-quality-score"/></reference><name value="Phred Quality Score"/><description value="Used to include Phred-scaled quality score for the assertion made in ALT."/><exampleBoolean value="false"/><groupingId value="-str-extension"/></resource><resource><extension url="http://hl7.org/fhir/StructureDefinition/implementationguide-page"><valueUri value="StructureDefinition-related-concept-id.html"/></extension><reference><reference value="StructureDefinition/related-concept-id"/></reference><name value="Related Concept ID"/><description value="Used to provide identifiers to alternative resources representing related, but not equivalent concepts, for example gene ortholog ids"/><exampleBoolean value="false"/><groupingId value="-str-extension"/></resource><resource><extension url="http://hl7.org/fhir/StructureDefinition/implementationguide-page"><valueUri value="StructureDefinition-Taxonomy.html"/></extension><reference><reference value="StructureDefinition/Taxonomy"/></reference><name value="Taxonomy"/><description value="Corresponds to taxonomy (GA4GH). For resources where there may be more than one organism being studied it is advisable to indicate the taxonomic identifier of that organism, to its most specific level."/><exampleBoolean value="false"/><groupingId value="-str-extension"/></resource><resource><extension url="http://hl7.org/fhir/StructureDefinition/implementationguide-page"><valueUri value="StructureDefinition-therapeutic-actionability.html"/></extension><reference><reference value="StructureDefinition/therapeutic-actionability"/></reference><name value="Therapeutic Actionability"/><description value="one of the five ACMG pathogenicity categories, or NOT_PROVIDED. The default is NOT_PROVIDED."/><exampleBoolean value="false"/><groupingId value="-str-extension"/></resource><resource><extension url="http://hl7.org/fhir/StructureDefinition/implementationguide-page"><valueUri value="StructureDefinition-TumorGrade.html"/></extension><reference><reference value="StructureDefinition/TumorGrade"/></reference><name value="Tumor Grade"/><description value="List of terms representing the tumor grade."/><exampleBoolean value="false"/><groupingId value="-str-extension"/></resource><resource><extension url="http://hl7.org/fhir/StructureDefinition/implementationguide-page"><valueUri value="StructureDefinition-TumorProgression.html"/></extension><reference><reference value="StructureDefinition/TumorProgression"/></reference><name value="Tumor Progression"/><description value="This field can be used to indicate if a specimen is from the primary tumor, a metastasis or a recurrence. There are multiple ways of representing this using ontology terms, and the terms chosen should have a specific meaning that is application specific."/><exampleBoolean value="false"/><groupingId value="-str-extension"/></resource><resource><extension url="http://hl7.org/fhir/StructureDefinition/implementationguide-page"><valueUri value="StructureDefinition-vcf-info.html"/></extension><reference><reference value="StructureDefinition/vcf-info"/></reference><name value="VCF Info"/><description value="Additional information: Semicolon-separated series of additional information fields from VCF info field."/><exampleBoolean value="false"/><groupingId value="-str-extension"/></resource><resource><extension url="http://hl7.org/fhir/StructureDefinition/implementationguide-page"><valueUri value="StructureDefinition-vrs-object.html"/></extension><reference><reference value="StructureDefinition/vrs-object"/></reference><name value="VRS Object"/><description value="The VRS Variation object (Link: https://vrs.ga4gh.org/en/stable/)"/><exampleBoolean value="false"/><groupingId value="-str-extension"/></resource><resource><extension url="http://hl7.org/fhir/StructureDefinition/implementationguide-page"><valueUri value="ValueSet-acmgPathogenicityClassification-vs.html"/></extension><reference><reference value="ValueSet/acmgPathogenicityClassification-vs"/></reference><name value="ACMG Pathogenicity Classification Value Set"/><description value="Describes the ACMG five-tier pathogenicity classification system (Richards et al., 2015, https://www.ncbi.nlm.nih.gov/pmc/articles/PMC4544753/)."/><exampleBoolean value="false"/><groupingId value="-term-valueset"/></resource><resource><extension url="http://hl7.org/fhir/StructureDefinition/implementationguide-page"><valueUri value="ValueSet-DiagnosticMarker.html"/></extension><reference><reference value="ValueSet/DiagnosticMarker"/></reference><name value="Diagnostic Marker"/><description value="Codes to indicate clinically relevant bio markers."/><exampleBoolean value="false"/><groupingId value="-term-valueset"/></resource><resource><extension url="http://hl7.org/fhir/StructureDefinition/implementationguide-page"><valueUri value="ValueSet-geno-ontology-allelic-state-vs.html"/></extension><reference><reference value="ValueSet/geno-ontology-allelic-state-vs"/></reference><name value="GENO Ontology Allelic State Value Set "/><description value="Descendent terms of GENO_0000875"/><exampleBoolean value="false"/><groupingId value="-term-valueset"/></resource><resource><extension url="http://hl7.org/fhir/StructureDefinition/implementationguide-page"><valueUri value="ValueSet-HistologicalDiagnosis.html"/></extension><reference><reference value="ValueSet/HistologicalDiagnosis"/></reference><name value="HistologicalDiagnosis"/><description value="Histological diagnosis codes from NCIT."/><exampleBoolean value="false"/><groupingId value="-term-valueset"/></resource><resource><extension url="http://hl7.org/fhir/StructureDefinition/implementationguide-page"><valueUri value="ValueSet-interpretationStatus-vs.html"/></extension><reference><reference value="ValueSet/interpretationStatus-vs"/></reference><name value="Interpretation Status Value Set"/><description value="Describes the conclusion made about the genomic interpretation."/><exampleBoolean value="false"/><groupingId value="-term-valueset"/></resource><resource><extension url="http://hl7.org/fhir/StructureDefinition/implementationguide-page"><valueUri value="ValueSet-KaryotypicSex.html"/></extension><reference><reference value="ValueSet/KaryotypicSex"/></reference><name value="Karyotypic sex value set"/><description value="The karyotypic (chromosomal) sex of an individual"/><exampleBoolean value="false"/><groupingId value="-term-valueset"/></resource><resource><extension url="http://hl7.org/fhir/StructureDefinition/implementationguide-page"><valueUri value="ValueSet-moleculeContext-vs.html"/></extension><reference><reference value="ValueSet/moleculeContext-vs"/></reference><name value="Molecule Context Value Set"/><description value="Describes The molecular context of the variant. Default is unspecified_molecule_context."/><exampleBoolean value="false"/><groupingId value="-term-valueset"/></resource><resource><extension url="http://hl7.org/fhir/StructureDefinition/implementationguide-page"><valueUri value="ValueSet-observation-categories.html"/></extension><reference><reference value="ValueSet/observation-categories"/></reference><name value="Observation categories"/><description value="ValueSet description here"/><exampleBoolean value="false"/><groupingId value="-term-valueset"/></resource><resource><extension url="http://hl7.org/fhir/StructureDefinition/implementationguide-page"><valueUri value="ValueSet-Onset.html"/></extension><reference><reference value="ValueSet/Onset"/></reference><name value="Onset ValueSet"/><description value="Set of HPO codes that denote the onset of a disease or phenotypic feature. The codes are descendants of Onset (HP:0003674) or from SNOMED_CT (282032007)."/><exampleBoolean value="false"/><groupingId value="-term-valueset"/></resource><resource><extension url="http://hl7.org/fhir/StructureDefinition/implementationguide-page"><valueUri value="ValueSet-phenotypic-abnormality.html"/></extension><reference><reference value="ValueSet/phenotypic-abnormality"/></reference><name value="Phenotypic abnormality ValueSet"/><description value="ValueSet description here"/><exampleBoolean value="false"/><groupingId value="-term-valueset"/></resource><resource><extension url="http://hl7.org/fhir/StructureDefinition/implementationguide-page"><valueUri value="ValueSet-phenotypic-component.html"/></extension><reference><reference value="ValueSet/phenotypic-component"/></reference><name value="Phenotypic component ValueSet"/><description value="ValueSet description here"/><exampleBoolean value="false"/><groupingId value="-term-valueset"/></resource><resource><extension url="http://hl7.org/fhir/StructureDefinition/implementationguide-page"><valueUri value="ValueSet-phenotypicFeatureVS.html"/></extension><reference><reference value="ValueSet/phenotypicFeatureVS"/></reference><name value="Observation Codes for status of a PhenotypicFeature"/><description value="The LOINC codes for present if a feature is observed and absent if a feature was excluded."/><exampleBoolean value="false"/><groupingId value="-term-valueset"/></resource><resource><extension url="http://hl7.org/fhir/StructureDefinition/implementationguide-page"><valueUri value="ValueSet-PhenotypicModifierValueSet.html"/></extension><reference><reference value="ValueSet/PhenotypicModifierValueSet"/></reference><name value="Phenotypic modifier ValueSet"/><description value="ValueSet description here"/><exampleBoolean value="false"/><groupingId value="-term-valueset"/></resource><resource><extension url="http://hl7.org/fhir/StructureDefinition/implementationguide-page"><valueUri value="ValueSet-sequence-ontology-structural-variant-vs.html"/></extension><reference><reference value="ValueSet/sequence-ontology-structural-variant-vs"/></reference><name value="Sequence Ontology Structural Variant Value Set"/><description value="Descendent terms of SO:0001537."/><exampleBoolean value="false"/><groupingId value="-term-valueset"/></resource><resource><extension url="http://hl7.org/fhir/StructureDefinition/implementationguide-page"><valueUri value="ValueSet-Severity.html"/></extension><reference><reference value="ValueSet/Severity"/></reference><name value="Severity"/><description value="Phenotypic feature severity codes from the Human Phenotype Ontology and SNOMED CT."/><exampleBoolean value="false"/><groupingId value="-term-valueset"/></resource><resource><extension url="http://hl7.org/fhir/StructureDefinition/implementationguide-page"><valueUri value="ValueSet-Taxonomy.html"/></extension><reference><reference value="ValueSet/Taxonomy"/></reference><name value="Taxonomy"/><description value="Taxonomic identifiers of an organism."/><exampleBoolean value="false"/><groupingId value="-term-valueset"/></resource><resource><extension url="http://hl7.org/fhir/StructureDefinition/implementationguide-page"><valueUri value="ValueSet-therapeuticActionability-vs.html"/></extension><reference><reference value="ValueSet/therapeuticActionability-vs"/></reference><name value="Therapeutic Actionability Value Set"/><description value="Describes the therapeutic actionability of the variant."/><exampleBoolean value="false"/><groupingId value="-term-valueset"/></resource><resource><extension url="http://hl7.org/fhir/StructureDefinition/implementationguide-page"><valueUri value="ValueSet-TumorGrade.html"/></extension><reference><reference value="ValueSet/TumorGrade"/></reference><name value="Tumor Grade"/><description value="Codes to indicate the grade of a tumor."/><exampleBoolean value="false"/><groupingId value="-term-valueset"/></resource><resource><extension url="http://hl7.org/fhir/StructureDefinition/implementationguide-page"><valueUri value="ValueSet-TumorProgression.html"/></extension><reference><reference value="ValueSet/TumorProgression"/></reference><name value="Tumor Progression"/><description value="Codes to indicate if a specimen is from the primary tumor, a metastasis or a recurrence."/><exampleBoolean value="false"/><groupingId value="-term-valueset"/></resource><resource><extension url="http://hl7.org/fhir/StructureDefinition/implementationguide-page"><valueUri value="ValueSet-TumorStage.html"/></extension><reference><reference value="ValueSet/TumorStage"/></reference><name value="Tumor Stage"/><description value="Codes to represent the stage of a tumor."/><exampleBoolean value="false"/><groupingId value="-term-valueset"/></resource><resource><extension url="http://hl7.org/fhir/StructureDefinition/implementationguide-page"><valueUri value="CodeSystem-categories.html"/></extension><reference><reference value="CodeSystem/categories"/></reference><name value="Categories"/><description value="Various categories or tags"/><exampleBoolean value="false"/><groupingId value="-term-codesystem"/></resource><resource><extension url="http://hl7.org/fhir/StructureDefinition/implementationguide-page"><valueUri value="CodeSystem-HtsFormat.html"/></extension><reference><reference value="CodeSystem/HtsFormat"/></reference><name value="HTS Format"/><description value="An enumeration used to represent different high-throughput sequencing file formats."/><exampleBoolean value="false"/><groupingId value="-term-codesystem"/></resource><resource><extension url="http://hl7.org/fhir/StructureDefinition/implementationguide-page"><valueUri value="CodeSystem-KaryotypicSex.html"/></extension><reference><reference value="CodeSystem/KaryotypicSex"/></reference><name value="Karyotypic sex code system"/><description value="karyotypic sex of an individual (also known as chromosomal sex)"/><exampleBoolean value="false"/><groupingId value="-term-codesystem"/></resource><resource><extension url="http://hl7.org/fhir/StructureDefinition/implementationguide-page"><valueUri value="CodeSystem-phenotypicFeatureStatusCS.html"/></extension><reference><reference value="CodeSystem/phenotypicFeatureStatusCS"/></reference><name value="Categories"/><description value="Various categories or tags"/><exampleBoolean value="false"/><groupingId value="-term-codesystem"/></resource><resource><extension url="http://hl7.org/fhir/StructureDefinition/implementationguide-page"><valueUri value="Composition-DevelopmentalDelay.html"/></extension><reference><reference value="Composition/DevelopmentalDelay"/></reference><name value="DevelopmentalDelay"/><description value="Example use case for a child with undiagnosed developmental delay"/><exampleCanonical value="https://github.com/phenopackets/core-ig/StructureDefinition/Phenopacket"/><groupingId value="-ex-example"/></resource><resource><extension url="http://hl7.org/fhir/StructureDefinition/implementationguide-page"><valueUri value="Practitioner-PeterGeneticist.html"/></extension><reference><reference value="Practitioner/PeterGeneticist"/></reference><name value="PeterGeneticist"/><description value="Extended example: example practitioner"/><exampleBoolean value="true"/><groupingId value="-ex-example"/></resource><resource><extension url="http://hl7.org/fhir/StructureDefinition/implementationguide-page"><valueUri value="Composition-PhenopacketCompositionExample01.html"/></extension><reference><reference value="Composition/PhenopacketCompositionExample01"/></reference><name value="PhenopacketCompositionExample01"/><exampleCanonical value="https://github.com/phenopackets/core-ig/StructureDefinition/Phenopacket"/><groupingId value="-ex-example"/></resource><resource><extension url="http://hl7.org/fhir/StructureDefinition/implementationguide-page"><valueUri value="Practitioner-PhenopacketPractitionerExample01.html"/></extension><reference><reference value="Practitioner/PhenopacketPractitionerExample01"/></reference><name value="phenopacket Practitioner Example01"/><description value=" This is an incomplete example that used as &#xA;               a placeholder for a curated Practitioner example"/><exampleBoolean value="true"/><groupingId value="-ex-example"/></resource><resource><extension url="http://hl7.org/fhir/StructureDefinition/implementationguide-page"><valueUri value="Bundle-PhenopacketsBundleExample01.html"/></extension><reference><reference value="Bundle/PhenopacketsBundleExample01"/></reference><name value="PhenopacketsBundleExample01"/><exampleBoolean value="true"/><groupingId value="-ex-example"/></resource><resource><extension url="http://hl7.org/fhir/StructureDefinition/implementationguide-page"><valueUri value="DiagnosticReport-PhenopacketsGenomicInterpretationExample01.html"/></extension><reference><reference value="DiagnosticReport/PhenopacketsGenomicInterpretationExample01"/></reference><name value="Phenopackets Genomic Interpretation Example-1"/><description value="This is an example of phenopackets-variant which is a phenopackets profile of &#xA;              the genomics reporting Genomics Report profile. &#xA;              It represents phenopackets GenomicInterpretation building block, i.e., the &#xA;              interpretation for an individual variant or gene."/><exampleCanonical value="https://github.com/phenopackets/core-ig/StructureDefinition/phenopackets-genomic-interpretation"/><groupingId value="-ex-example"/></resource><resource><extension url="http://hl7.org/fhir/StructureDefinition/implementationguide-page"><valueUri value="DiagnosticReport-PhenopacketsGenomicInterpretationExample02.html"/></extension><reference><reference value="DiagnosticReport/PhenopacketsGenomicInterpretationExample02"/></reference><name value="Phenopackets Genomic Interpretation Example-2"/><description value="This is an example of phenopackets-variant which is a phenopackets profile of &#xA;              the genomics reporting Genomics Report profile. &#xA;              It represents phenopackets GenomicInterpretation building block, i.e., the &#xA;              interpretation for an individual variant or gene."/><exampleCanonical value="https://github.com/phenopackets/core-ig/StructureDefinition/phenopackets-genomic-interpretation"/><groupingId value="-ex-example"/></resource><resource><extension url="http://hl7.org/fhir/StructureDefinition/implementationguide-page"><valueUri value="Observation-PhenopacketsVariantExample01.html"/></extension><reference><reference value="Observation/PhenopacketsVariantExample01"/></reference><name value="Phenopackets Variant Example-1"/><description value="This is an example of phenopackets-genomic-interpretation &#xA;              which is a phenopackets profile of the genomics reporting Variant profile. &#xA;              It represents phenopackets GeneDescriptor, VariationDescriptor, VcfRecord, &#xA;              and VariantInterpretation building blocks."/><exampleCanonical value="https://github.com/phenopackets/core-ig/StructureDefinition/phenopackets-variant"/><groupingId value="-ex-example"/></resource><resource><extension url="http://hl7.org/fhir/StructureDefinition/implementationguide-page"><valueUri value="Patient-Proband1.html"/></extension><reference><reference value="Patient/Proband1"/></reference><name value="Proband1"/><description value="Example child with developmental delay"/><exampleCanonical value="https://github.com/phenopackets/core-ig/StructureDefinition/Individual"/><groupingId value="-ex-example"/></resource><resource><extension url="http://hl7.org/fhir/StructureDefinition/implementationguide-page"><valueUri value="Specimen-biosample.specimen.id.1.html"/></extension><reference><reference value="Specimen/biosample.specimen.id.1"/></reference><name value="bladderCarcinoma"/><description value="Biosample Example for bladder carcinoma"/><exampleCanonical value="https://github.com/phenopackets/core-ig/StructureDefinition/Biosample"/><groupingId value="-ex-example"/></resource><resource><extension url="http://hl7.org/fhir/StructureDefinition/implementationguide-page"><valueUri value="Specimen-biosample.specimen.id.2.html"/></extension><reference><reference value="Specimen/biosample.specimen.id.2"/></reference><name value="muscleBiopsy"/><description value="Biosample Example -- muscle biopsy"/><exampleCanonical value="https://github.com/phenopackets/core-ig/StructureDefinition/Biosample"/><groupingId value="-ex-example"/></resource><resource><extension url="http://hl7.org/fhir/StructureDefinition/implementationguide-page"><valueUri value="Patient-example-patient.html"/></extension><reference><reference value="Patient/example-patient"/></reference><name value="example-patient"/><description value="Example of Patient"/><exampleCanonical value="https://github.com/phenopackets/core-ig/StructureDefinition/Individual"/><groupingId value="-ex-example"/></resource><resource><extension url="http://hl7.org/fhir/StructureDefinition/implementationguide-page"><valueUri value="Observation-hp.0000343.html"/></extension><reference><reference value="Observation/hp.0000343"/></reference><name value="longPhiltrum"/><description value="Long philtrum (HP:0000343)"/><exampleCanonical value="https://github.com/phenopackets/core-ig/StructureDefinition/PhenotypicFeature"/><groupingId value="-ex-example"/></resource><resource><extension url="http://hl7.org/fhir/StructureDefinition/implementationguide-page"><valueUri value="Observation-hp.0000369.html"/></extension><reference><reference value="Observation/hp.0000369"/></reference><name value="lowSetEars"/><description value="Low-set ears (HP:0000369)"/><exampleCanonical value="https://github.com/phenopackets/core-ig/StructureDefinition/PhenotypicFeature"/><groupingId value="-ex-example"/></resource><resource><extension url="http://hl7.org/fhir/StructureDefinition/implementationguide-page"><valueUri value="Observation-hp.0000541.html"/></extension><reference><reference value="Observation/hp.0000541"/></reference><name value="retinalDetachment"/><description value="Retinal detachment (HP:0000541)"/><exampleCanonical value="https://github.com/phenopackets/core-ig/StructureDefinition/PhenotypicFeature"/><groupingId value="-ex-example"/></resource><resource><extension url="http://hl7.org/fhir/StructureDefinition/implementationguide-page"><valueUri value="Observation-hp.0000568.html"/></extension><reference><reference value="Observation/hp.0000568"/></reference><name value="microphthalmia"/><description value="Long philtrum (HP:0000568)"/><exampleCanonical value="https://github.com/phenopackets/core-ig/StructureDefinition/PhenotypicFeature"/><groupingId value="-ex-example"/></resource><resource><extension url="http://hl7.org/fhir/StructureDefinition/implementationguide-page"><valueUri value="Observation-hp.0001252.html"/></extension><reference><reference value="Observation/hp.0001252"/></reference><name value="hypotonia"/><description value="Hypotonia (HP:0001252)"/><exampleCanonical value="https://github.com/phenopackets/core-ig/StructureDefinition/PhenotypicFeature"/><groupingId value="-ex-example"/></resource><resource><extension url="http://hl7.org/fhir/StructureDefinition/implementationguide-page"><valueUri value="Observation-hp.0001263.html"/></extension><reference><reference value="Observation/hp.0001263"/></reference><name value="globalDevelopmentalDelay"/><description value="Global developmental delay (HP:0001263)"/><exampleCanonical value="https://github.com/phenopackets/core-ig/StructureDefinition/PhenotypicFeature"/><groupingId value="-ex-example"/></resource><resource><extension url="http://hl7.org/fhir/StructureDefinition/implementationguide-page"><valueUri value="Observation-hp.0001324.html"/></extension><reference><reference value="Observation/hp.0001324"/></reference><name value="muscleWeakness"/><description value="Muscle weakness (HP:0001324)"/><exampleCanonical value="https://github.com/phenopackets/core-ig/StructureDefinition/PhenotypicFeature"/><groupingId value="-ex-example"/></resource><resource><extension url="http://hl7.org/fhir/StructureDefinition/implementationguide-page"><valueUri value="Observation-hp.0001669.html"/></extension><reference><reference value="Observation/hp.0001669"/></reference><name value="tga"/><description value="Transposition of the great arteries (HP:0001669)"/><exampleCanonical value="https://github.com/phenopackets/core-ig/StructureDefinition/PhenotypicFeature"/><groupingId value="-ex-example"/></resource><resource><extension url="http://hl7.org/fhir/StructureDefinition/implementationguide-page"><valueUri value="Observation-hp.0003202.html"/></extension><reference><reference value="Observation/hp.0003202"/></reference><name value="amyotrophy"/><description value="Skeletal muscle atrophy (HP:0003202)"/><exampleCanonical value="https://github.com/phenopackets/core-ig/StructureDefinition/PhenotypicFeature"/><groupingId value="-ex-example"/></resource><resource><extension url="http://hl7.org/fhir/StructureDefinition/implementationguide-page"><valueUri value="Observation-hp.0003557.html"/></extension><reference><reference value="Observation/hp.0003557"/></reference><name value="fiberSizeVariability"/><description value="Increased variability in muscle fiber diameter (HP:0003557)"/><exampleCanonical value="https://github.com/phenopackets/core-ig/StructureDefinition/PhenotypicFeature"/><groupingId value="-ex-example"/></resource><resource><extension url="http://hl7.org/fhir/StructureDefinition/implementationguide-page"><valueUri value="Observation-hp.0007663.html"/></extension><reference><reference value="Observation/hp.0007663"/></reference><name value="reducedVisualAcuity"/><description value="Reduced visual acuity (HP:0007663)"/><exampleCanonical value="https://github.com/phenopackets/core-ig/StructureDefinition/PhenotypicFeature"/><groupingId value="-ex-example"/></resource><resource><extension url="http://hl7.org/fhir/StructureDefinition/implementationguide-page"><valueUri value="Condition-id.disease.1.html"/></extension><reference><reference value="Condition/id.disease.1"/></reference><name value="excluded-disease"/><description value="Phenopacket Example for an excluded disease"/><exampleCanonical value="https://github.com/phenopackets/core-ig/StructureDefinition/Disease"/><groupingId value="-ex-example"/></resource><resource><extension url="http://hl7.org/fhir/StructureDefinition/implementationguide-page"><valueUri value="Condition-id.disease.2.html"/></extension><reference><reference value="Condition/id.disease.2"/></reference><name value="vitreoretinochoroidopathy"/><description value="Phenopacket Example for autosomal dominant vitreoretinochoroidopathy"/><exampleCanonical value="https://github.com/phenopackets/core-ig/StructureDefinition/Disease"/><groupingId value="-ex-example"/></resource><resource><extension url="http://hl7.org/fhir/StructureDefinition/implementationguide-page"><valueUri value="Condition-id.disease.3.html"/></extension><reference><reference value="Condition/id.disease.3"/></reference><name value="CHF-stageIII"/><description value="Congestive heart failure, New York Heart Association stage III"/><exampleCanonical value="https://github.com/phenopackets/core-ig/StructureDefinition/Disease"/><groupingId value="-ex-example"/></resource><resource><extension url="http://hl7.org/fhir/StructureDefinition/implementationguide-page"><valueUri value="Condition-id.disease.intellectualDisability.html"/></extension><reference><reference value="Condition/id.disease.intellectualDisability"/></reference><name value="intellectualDisabilityDisease"/><description value="Intellectual disability (disease)"/><exampleCanonical value="https://github.com/phenopackets/core-ig/StructureDefinition/Disease"/><groupingId value="-ex-example"/></resource><resource><extension url="http://hl7.org/fhir/StructureDefinition/implementationguide-page"><valueUri value="Observation-id.measurement.1.html"/></extension><reference><reference value="Observation/id.measurement.1"/></reference><name value="thrombocytopenia"/><description value="Measurement Example for thrombocytopenia"/><exampleCanonical value="https://github.com/phenopackets/core-ig/StructureDefinition/Measurement"/><groupingId value="-ex-example"/></resource><resource><extension url="http://hl7.org/fhir/StructureDefinition/implementationguide-page"><valueUri value="Observation-id.phenotypicfeature.1.html"/></extension><reference><reference value="Observation/id.phenotypicfeature.1"/></reference><name value="arachnodactyly"/><description value="PhenotypicFeature Example for arachnodactyly"/><exampleCanonical value="https://github.com/phenopackets/core-ig/StructureDefinition/PhenotypicFeature"/><groupingId value="-ex-example"/></resource><resource><extension url="http://hl7.org/fhir/StructureDefinition/implementationguide-page"><valueUri value="Observation-id.phenotypicfeature.2.html"/></extension><reference><reference value="Observation/id.phenotypicfeature.2"/></reference><name value="lvdysfunction-excluded"/><description value="PhenotypicFeature Example for exclusion of LV dysfunction"/><exampleCanonical value="https://github.com/phenopackets/core-ig/StructureDefinition/PhenotypicFeature"/><groupingId value="-ex-example"/></resource><resource><extension url="http://hl7.org/fhir/StructureDefinition/implementationguide-page"><valueUri value="Observation-id.phenotypicfeature.3.html"/></extension><reference><reference value="Observation/id.phenotypicfeature.3"/></reference><name value="MVP-with-onset"/><description value="PhenotypicFeature Example for mitral value prolapse with onset"/><exampleCanonical value="https://github.com/phenopackets/core-ig/StructureDefinition/PhenotypicFeature"/><groupingId value="-ex-example"/></resource><resource><extension url="http://hl7.org/fhir/StructureDefinition/implementationguide-page"><valueUri value="Observation-id.phenotypicfeature.4.html"/></extension><reference><reference value="Observation/id.phenotypicfeature.4"/></reference><name value="CHF-with-severity"/><description value="PhenotypicFeature Example for severe Low-output congestive heart failure"/><exampleCanonical value="https://github.com/phenopackets/core-ig/StructureDefinition/PhenotypicFeature"/><groupingId value="-ex-example"/></resource><resource><extension url="http://hl7.org/fhir/StructureDefinition/implementationguide-page"><valueUri value="MedicationAdministration-id.treatment.1.html"/></extension><reference><reference value="MedicationAdministration/id.treatment.1"/></reference><name value="losartan"/><description value="Treatment Example (Losartan))"/><exampleCanonical value="https://github.com/phenopackets/core-ig/StructureDefinition/Treatment"/><groupingId value="-ex-example"/></resource><resource><extension url="http://hl7.org/fhir/StructureDefinition/implementationguide-page"><valueUri value="Observation-karyotypic-sex-invalid-1.html"/></extension><reference><reference value="Observation/karyotypic-sex-invalid-1"/></reference><name value="An INVALID karyotypic sex Observation instance."/><exampleBoolean value="true"/><groupingId value="-ex-example"/></resource><resource><extension url="http://hl7.org/fhir/StructureDefinition/implementationguide-page"><valueUri value="Observation-karyotypic-sex-valid-1.html"/></extension><reference><reference value="Observation/karyotypic-sex-valid-1"/></reference><name value="A VALID karyotypic sex Observation instance."/><exampleBoolean value="true"/><groupingId value="-ex-example"/></resource><resource><extension url="http://hl7.org/fhir/StructureDefinition/implementationguide-page"><valueUri value="Patient-phenopacketPatientExample01.html"/></extension><reference><reference value="Patient/phenopacketPatientExample01"/></reference><name value="phenopacket Patient Example01"/><description value="This is an example of a patient resource to be used in the assocaited patient examples. It is not representative of phenopackets patient's data representation"/><exampleBoolean value="true"/><groupingId value="-ex-example"/></resource><resource><extension url="http://hl7.org/fhir/StructureDefinition/implementationguide-page"><valueUri value="Specimen-phenopacketSpecimenExample01.html"/></extension><reference><reference value="Specimen/phenopacketSpecimenExample01"/></reference><name value="phenopacket Specimen Example01"/><description value=" This is an incomplete example that used as &#xA;               a placeholder for a curated specimen example"/><exampleBoolean value="true"/><groupingId value="-ex-example"/></resource><resource><extension url="http://hl7.org/fhir/StructureDefinition/implementationguide-page"><valueUri value="Observation-phenotypic-abnormality-invalid-1.html"/></extension><reference><reference value="Observation/phenotypic-abnormality-invalid-1"/></reference><name value="An INVALID phenotypic abnormality Observation example."/><exampleBoolean value="true"/><groupingId value="-ex-example"/></resource><resource><extension url="http://hl7.org/fhir/StructureDefinition/implementationguide-page"><valueUri value="Observation-phenotypic-abnormality-invalid-meta-profile.html"/></extension><reference><reference value="Observation/phenotypic-abnormality-invalid-meta-profile"/></reference><name value="phenotypic-abnormality-invalid-meta-profile"/><exampleBoolean value="true"/><groupingId value="-ex-example"/></resource><resource><extension url="http://hl7.org/fhir/StructureDefinition/implementationguide-page"><valueUri value="Observation-phenotypic-abnormality-valid-1.html"/></extension><reference><reference value="Observation/phenotypic-abnormality-valid-1"/></reference><name value="A valid phenotypic abnormality Observation example."/><exampleBoolean value="true"/><groupingId value="-ex-example"/></resource><resource><extension url="http://hl7.org/fhir/StructureDefinition/implementationguide-page"><valueUri value="SearchParameter-service-request-supporting-info.html"/></extension><reference><reference value="SearchParameter/service-request-supporting-info"/></reference><name value="service-request-supporting-info"/><description value="Search ServiceRequest by supporting resource parameters"/><exampleBoolean value="false"/><groupingId value="-dyn-searchparameter"/></resource><page><nameUrl value="toc.html"/><title value="Table of Contents"/><generation value="html"/><page><nameUrl value="index.html"/><title value="Home"/><generation value="markdown"/></page><page><nameUrl value="ga4gh.html"/><title value="GA4GH"/><generation value="markdown"/></page><page><nameUrl value="genomicDiagnostics.html"/><title value="Genomic Diagnostics"/><generation value="markdown"/></page><page><nameUrl value="phenotype.html"/><title value="Deep phenotyping"/><generation value="markdown"/></page><page><nameUrl value="modeling.html"/><title value="Modeling phenotypic data"/><generation value="markdown"/></page><page><nameUrl value="hpo.html"/><title value="Human Phenotype Ontology"/><generation value="markdown"/></page><page><nameUrl value="examples.html"/><title value="Examples"/><generation value="markdown"/></page><page><nameUrl value="artifacts.html"/><title value="Artifacts Summary"/><generation value="html"/><page><nameUrl value="SearchParameter-service-request-supporting-info.html"/><title value="service-request-supporting-info"/><generation value="generated"/></page><page><nameUrl value="StructureDefinition-Biosample.html"/><title value="Biosample"/><generation value="generated"/></page><page><nameUrl value="StructureDefinition-Disease.html"/><title value="Disease profile"/><generation value="generated"/></page><page><nameUrl value="StructureDefinition-Individual.html"/><title value="Individual"/><generation value="generated"/></page><page><nameUrl value="StructureDefinition-Measurement.html"/><title value="Measurement"/><generation value="generated"/></page><page><nameUrl value="StructureDefinition-Phenopacket.html"/><title value="Phenopacket profile"/><generation value="generated"/></page><page><nameUrl value="StructureDefinition-phenopackets-genomic-interpretation.html"/><title value="Phenopackets Genomic Interpretation"/><generation value="generated"/></page><page><nameUrl value="StructureDefinition-phenopackets-variant.html"/><title value="Phenopackets Variant"/><generation value="generated"/></page><page><nameUrl value="StructureDefinition-PhenotypicFeature.html"/><title value="Phenotypic Feature"/><generation value="generated"/></page><page><nameUrl value="StructureDefinition-Treatment.html"/><title value="Treatment"/><generation value="generated"/></page><page><nameUrl value="StructureDefinition-acmg-pathogenicity-classification.html"/><title value="ACMG Pathogenicity Classification"/><generation value="generated"/></page><page><nameUrl value="StructureDefinition-additional-variant-identifier.html"/><title value="Additional Variant Identifier"/><generation value="generated"/></page><page><nameUrl value="StructureDefinition-CodedOnset.html"/><title value="Coded Onset"/><generation value="generated"/></page><page><nameUrl value="StructureDefinition-DiagnosticMarker.html"/><title value="Diagnostic Marker"/><generation value="generated"/></page><page><nameUrl value="StructureDefinition-filter-status.html"/><title value="Filter Status"/><generation value="generated"/></page><page><nameUrl value="StructureDefinition-HistologicalDiagnosis.html"/><title value="Histological Diagnosis"/><generation value="generated"/></page><page><nameUrl value="StructureDefinition-interpretation-status.html"/><title value="Interpretation Status"/><generation value="generated"/></page><page><nameUrl value="StructureDefinition-KaryotypicSex.html"/><title value="Karyotypic Sex"/><generation value="generated"/></page><page><nameUrl value="StructureDefinition-MaterialSample.html"/><title value="Material Sample"/><generation value="generated"/></page><page><nameUrl value="StructureDefinition-MeasurementExt.html"/><title value="Measurement (Biosample)"/><generation value="generated"/></page><page><nameUrl value="StructureDefinition-molecule-context.html"/><title value="Molecule Context"/><generation value="generated"/></page><page><nameUrl value="StructureDefinition-Onset.html"/><title value="Onset"/><generation value="generated"/></page><page><nameUrl value="StructureDefinition-PathologicalStage.html"/><title value="Pathological Tumor Stage"/><generation value="generated"/></page><page><nameUrl value="StructureDefinition-PathologicalTnmFinding.html"/><title value=" Pathological TNM Finding"/><generation value="generated"/></page><page><nameUrl value="StructureDefinition-PhenotypicFeatureExt.html"/><title value="Phenotypic Feature (Biosample)"/><generation value="generated"/></page><page><nameUrl value="StructureDefinition-phred-quality-score.html"/><title value="Phred Quality Score"/><generation value="generated"/></page><page><nameUrl value="StructureDefinition-related-concept-id.html"/><title value="Related Concept ID"/><generation value="generated"/></page><page><nameUrl value="StructureDefinition-Taxonomy.html"/><title value="Taxonomy"/><generation value="generated"/></page><page><nameUrl value="StructureDefinition-therapeutic-actionability.html"/><title value="Therapeutic Actionability"/><generation value="generated"/></page><page><nameUrl value="StructureDefinition-TumorGrade.html"/><title value="Tumor Grade"/><generation value="generated"/></page><page><nameUrl value="StructureDefinition-TumorProgression.html"/><title value="Tumor Progression"/><generation value="generated"/></page><page><nameUrl value="StructureDefinition-vcf-info.html"/><title value="VCF Info"/><generation value="generated"/></page><page><nameUrl value="StructureDefinition-vrs-object.html"/><title value="VRS Object"/><generation value="generated"/></page><page><nameUrl value="ValueSet-acmgPathogenicityClassification-vs.html"/><title value="ACMG Pathogenicity Classification Value Set"/><generation value="generated"/></page><page><nameUrl value="ValueSet-DiagnosticMarker.html"/><title value="Diagnostic Marker"/><generation value="generated"/></page><page><nameUrl value="ValueSet-geno-ontology-allelic-state-vs.html"/><title value="GENO Ontology Allelic State Value Set "/><generation value="generated"/></page><page><nameUrl value="ValueSet-HistologicalDiagnosis.html"/><title value="HistologicalDiagnosis"/><generation value="generated"/></page><page><nameUrl value="ValueSet-interpretationStatus-vs.html"/><title value="Interpretation Status Value Set"/><generation value="generated"/></page><page><nameUrl value="ValueSet-KaryotypicSex.html"/><title value="Karyotypic sex value set"/><generation value="generated"/></page><page><nameUrl value="ValueSet-moleculeContext-vs.html"/><title value="Molecule Context Value Set"/><generation value="generated"/></page><page><nameUrl value="ValueSet-observation-categories.html"/><title value="Observation categories"/><generation value="generated"/></page><page><nameUrl value="ValueSet-Onset.html"/><title value="Onset ValueSet"/><generation value="generated"/></page><page><nameUrl value="ValueSet-phenotypic-abnormality.html"/><title value="Phenotypic abnormality ValueSet"/><generation value="generated"/></page><page><nameUrl value="ValueSet-phenotypic-component.html"/><title value="Phenotypic component ValueSet"/><generation value="generated"/></page><page><nameUrl value="ValueSet-phenotypicFeatureVS.html"/><title value="Observation Codes for status of a PhenotypicFeature"/><generation value="generated"/></page><page><nameUrl value="ValueSet-PhenotypicModifierValueSet.html"/><title value="Phenotypic modifier ValueSet"/><generation value="generated"/></page><page><nameUrl value="ValueSet-sequence-ontology-structural-variant-vs.html"/><title value="Sequence Ontology Structural Variant Value Set"/><generation value="generated"/></page><page><nameUrl value="ValueSet-Severity.html"/><title value="Severity"/><generation value="generated"/></page><page><nameUrl value="ValueSet-Taxonomy.html"/><title value="Taxonomy"/><generation value="generated"/></page><page><nameUrl value="ValueSet-therapeuticActionability-vs.html"/><title value="Therapeutic Actionability Value Set"/><generation value="generated"/></page><page><nameUrl value="ValueSet-TumorGrade.html"/><title value="Tumor Grade"/><generation value="generated"/></page><page><nameUrl value="ValueSet-TumorProgression.html"/><title value="Tumor Progression"/><generation value="generated"/></page><page><nameUrl value="ValueSet-TumorStage.html"/><title value="Tumor Stage"/><generation value="generated"/></page><page><nameUrl value="CodeSystem-categories.html"/><title value="Categories"/><generation value="generated"/></page><page><nameUrl value="CodeSystem-HtsFormat.html"/><title value="HTS Format"/><generation value="generated"/></page><page><nameUrl value="CodeSystem-KaryotypicSex.html"/><title value="Karyotypic sex code system"/><generation value="generated"/></page><page><nameUrl value="CodeSystem-phenotypicFeatureStatusCS.html"/><title value="Categories"/><generation value="generated"/></page><page><nameUrl value="Composition-DevelopmentalDelay.html"/><title value="DevelopmentalDelay"/><generation value="generated"/></page><page><nameUrl value="Practitioner-PeterGeneticist.html"/><title value="PeterGeneticist"/><generation value="generated"/></page><page><nameUrl value="Composition-PhenopacketCompositionExample01.html"/><title value="PhenopacketCompositionExample01"/><generation value="generated"/></page><page><nameUrl value="Practitioner-PhenopacketPractitionerExample01.html"/><title value="phenopacket Practitioner Example01"/><generation value="generated"/></page><page><nameUrl value="Bundle-PhenopacketsBundleExample01.html"/><title value="PhenopacketsBundleExample01"/><generation value="generated"/></page><page><nameUrl value="DiagnosticReport-PhenopacketsGenomicInterpretationExample01.html"/><title value="Phenopackets Genomic Interpretation Example-1"/><generation value="generated"/></page><page><nameUrl value="DiagnosticReport-PhenopacketsGenomicInterpretationExample02.html"/><title value="Phenopackets Genomic Interpretation Example-2"/><generation value="generated"/></page><page><nameUrl value="Observation-PhenopacketsVariantExample01.html"/><title value="Phenopackets Variant Example-1"/><generation value="generated"/></page><page><nameUrl value="Patient-Proband1.html"/><title value="Proband1"/><generation value="generated"/></page><page><nameUrl value="Specimen-biosample.specimen.id.1.html"/><title value="bladderCarcinoma"/><generation value="generated"/></page><page><nameUrl value="Specimen-biosample.specimen.id.2.html"/><title value="muscleBiopsy"/><generation value="generated"/></page><page><nameUrl value="Patient-example-patient.html"/><title value="example-patient"/><generation value="generated"/></page><page><nameUrl value="Observation-hp.0000343.html"/><title value="longPhiltrum"/><generation value="generated"/></page><page><nameUrl value="Observation-hp.0000369.html"/><title value="lowSetEars"/><generation value="generated"/></page><page><nameUrl value="Observation-hp.0000541.html"/><title value="retinalDetachment"/><generation value="generated"/></page><page><nameUrl value="Observation-hp.0000568.html"/><title value="microphthalmia"/><generation value="generated"/></page><page><nameUrl value="Observation-hp.0001252.html"/><title value="hypotonia"/><generation value="generated"/></page><page><nameUrl value="Observation-hp.0001263.html"/><title value="globalDevelopmentalDelay"/><generation value="generated"/></page><page><nameUrl value="Observation-hp.0001324.html"/><title value="muscleWeakness"/><generation value="generated"/></page><page><nameUrl value="Observation-hp.0001669.html"/><title value="tga"/><generation value="generated"/></page><page><nameUrl value="Observation-hp.0003202.html"/><title value="amyotrophy"/><generation value="generated"/></page><page><nameUrl value="Observation-hp.0003557.html"/><title value="fiberSizeVariability"/><generation value="generated"/></page><page><nameUrl value="Observation-hp.0007663.html"/><title value="reducedVisualAcuity"/><generation value="generated"/></page><page><nameUrl value="Condition-id.disease.1.html"/><title value="excluded-disease"/><generation value="generated"/></page><page><nameUrl value="Condition-id.disease.2.html"/><title value="vitreoretinochoroidopathy"/><generation value="generated"/></page><page><nameUrl value="Condition-id.disease.3.html"/><title value="CHF-stageIII"/><generation value="generated"/></page><page><nameUrl value="Condition-id.disease.intellectualDisability.html"/><title value="intellectualDisabilityDisease"/><generation value="generated"/></page><page><nameUrl value="Observation-id.measurement.1.html"/><title value="thrombocytopenia"/><generation value="generated"/></page><page><nameUrl value="Observation-id.phenotypicfeature.1.html"/><title value="arachnodactyly"/><generation value="generated"/></page><page><nameUrl value="Observation-id.phenotypicfeature.2.html"/><title value="lvdysfunction-excluded"/><generation value="generated"/></page><page><nameUrl value="Observation-id.phenotypicfeature.3.html"/><title value="MVP-with-onset"/><generation value="generated"/></page><page><nameUrl value="Observation-id.phenotypicfeature.4.html"/><title value="CHF-with-severity"/><generation value="generated"/></page><page><nameUrl value="MedicationAdministration-id.treatment.1.html"/><title value="losartan"/><generation value="generated"/></page><page><nameUrl value="Observation-karyotypic-sex-invalid-1.html"/><title value="An INVALID karyotypic sex Observation instance."/><generation value="generated"/></page><page><nameUrl value="Observation-karyotypic-sex-valid-1.html"/><title value="A VALID karyotypic sex Observation instance."/><generation value="generated"/></page><page><nameUrl value="Patient-phenopacketPatientExample01.html"/><title value="phenopacket Patient Example01"/><generation value="generated"/></page><page><nameUrl value="Specimen-phenopacketSpecimenExample01.html"/><title value="phenopacket Specimen Example01"/><generation value="generated"/></page><page><nameUrl value="Observation-phenotypic-abnormality-invalid-1.html"/><title value="An INVALID phenotypic abnormality Observation example."/><generation value="generated"/></page><page><nameUrl value="Observation-phenotypic-abnormality-invalid-meta-profile.html"/><title value="phenotypic-abnormality-invalid-meta-profile"/><generation value="generated"/></page><page><nameUrl value="Observation-phenotypic-abnormality-valid-1.html"/><title value="A valid phenotypic abnormality Observation example."/><generation value="generated"/></page></page></page><parameter><code value="path-resource"/><value value="input/capabilities"/></parameter><parameter><code value="path-resource"/><value value="input/examples"/></parameter><parameter><code value="path-resource"/><value value="input/extensions"/></parameter><parameter><code value="path-resource"/><value value="input/models"/></parameter><parameter><code value="path-resource"/><value value="input/operations"/></parameter><parameter><code value="path-resource"/><value value="input/profiles"/></parameter><parameter><code value="path-resource"/><value value="input/resources"/></parameter><parameter><code value="path-resource"/><value value="input/vocabulary"/></parameter><parameter><code value="path-resource"/><value value="input/maps"/></parameter><parameter><code value="path-resource"/><value value="input/testing"/></parameter><parameter><code value="path-resource"/><value value="input/history"/></parameter><parameter><code value="path-resource"/><value value="fsh-generated/resources"/></parameter><parameter><code value="path-pages"/><value value="template/config"/></parameter><parameter><code value="path-pages"/><value value="input/images"/></parameter><parameter><code value="path-tx-cache"/><value value="input-cache/txcache"/></parameter></definition></ImplementationGuide>