<?xml version="1.0" encoding="UTF-8"?><ValueSet xmlns="http://hl7.org/fhir"><id value="moleculeContext-vs"/><text><status value="generated"/><div xmlns="http://www.w3.org/1999/xhtml"><ul><li>Include these codes as defined in <code>http://phenopacket-schema.readthedocs.io/en/v2/variant.html#rstmoleculecontext</code><table class="none"><tr><td style="white-space:nowrap"><b>Code</b></td><td><b>Display</b></td></tr><tr><td>0</td><td>unspecified_molecule_context</td></tr><tr><td>1</td><td>genomic</td></tr><tr><td>2</td><td>transcript</td></tr><tr><td>3</td><td>protein</td></tr></table></li></ul></div></text><url value="https://github.com/phenopackets/core-ig/ValueSet/moleculeContext-vs"/><version value="0.1.0"/><name value="MoleculeContextVS"/><title value="Molecule Context Value Set"/><status value="active"/><date value="2022-09-07T17:42:27+00:00"/><publisher value="Global Alliance for Genomics and Health - Clinical and Phenotypic Data Capture Work Stream"/><contact><name value="Global Alliance for Genomics and Health - Clinical and Phenotypic Data Capture Work Stream"/><telecom><system value="url"/><value value="https://www.ga4gh.org/work_stream/clinical-phenotypic-data-capture-2/"/></telecom></contact><description value="Describes The molecular context of the variant. Default is unspecified_molecule_context."/><jurisdiction><coding><system value="urn:iso:std:iso:3166"/><code value="US"/></coding></jurisdiction><copyright value="This value set includes content from Phenopackets, which is copyright © 2016+ Global Alliance for Genomics and Health (GA4GH)"/><compose><include><system value="http://phenopacket-schema.readthedocs.io/en/v2/variant.html#rstmoleculecontext"/><concept><code value="0"/><display value="unspecified_molecule_context"/></concept><concept><code value="1"/><display value="genomic"/></concept><concept><code value="2"/><display value="transcript"/></concept><concept><code value="3"/><display value="protein"/></concept></include></compose></ValueSet>