<?xml version="1.0" encoding="UTF-8"?>

<Patient xmlns="http://hl7.org/fhir">
  <id value="phenopacketPatientExample01"/>
  <text>
    <status value="generated"/><div xmlns="http://www.w3.org/1999/xhtml"><p style="border: 1px #661aff solid; background-color: #e6e6ff; padding: 10px;"><b>John Doe </b> unknown, DoB Unknown ( id: 04 (TEMP))</p><hr/></div>
  </text>
  <identifier>
    <use value="temp"/>
    <value value="04"/>
  </identifier>
  <name>
    <family value="Doe"/>
    <given value="John"/>
  </name>
  <gender value="unknown"/>
</Patient>