"Id","Path","Slice Name","Alias(s)","Label","Min","Max","Must Support?","Is Modifier?","Is Summary?","Type(s)","Short","Definition","Comments","Requirements","Default Value","Meaning When Missing","Fixed Value","Pattern","Example","Minimum Value","Maximum Value","Maximum Length","Binding Strength","Binding Description","Binding Value Set","Code","Slicing Discriminator","Slicing Description","Slicing Ordered","Slicing Rules","Base Path","Base Min","Base Max","Condition(s)","Constraint(s)","Mapping: V2-CG-Results","Mapping: Workflow Pattern","Mapping: HL7 v2 Mapping","Mapping: RIM Mapping","Mapping: FiveWs Pattern Mapping"
"DiagnosticReport","DiagnosticReport","","Report
TestResultResultsLabsLaboratory","",0,*,"","","","","Genomics Report","Defines the overall genetic report.","This is intended to capture a single report and is not suitable for use in displaying summary information that covers multiple reports.  For example, this resource has not been designed for laboratory cumulative reporting formats nor detailed structured reports for sequencing.","","","","","","","","",,,,,"",,,,"DiagnosticReport",0,*,"","dom-2:If the resource is contained in another resource, it SHALL NOT contain nested Resources {contained.contained.empty()}
dom-3:If the resource is contained in another resource, it SHALL be referred to from elsewhere in the resource or SHALL refer to the containing resource {contained.where((('#'+id in (%resource.descendants().reference | %resource.descendants().as(canonical) | %resource.descendants().as(uri) | %resource.descendants().as(url))) or descendants().where(reference = '#').exists() or descendants().where(as(canonical) = '#').exists() or descendants().where(as(canonical) = '#').exists()).not()).trace('unmatched', id).empty()}dom-4:If a resource is contained in another resource, it SHALL NOT have a meta.versionId or a meta.lastUpdated {contained.meta.versionId.empty() and contained.meta.lastUpdated.empty()}dom-5:If a resource is contained in another resource, it SHALL NOT have a security label {contained.meta.security.empty()}dom-6:A resource should have narrative for robust management {text.`div`.exists()}","Event","ORU -> OBR","Entity. Role, or Act","Observation[classCode=OBS, moodCode=EVN]"
"DiagnosticReport.id","DiagnosticReport.id","","","",0,1,"","","Y","string {[]} {[]}
","Logical id of this artifact","The logical id of the resource, as used in the URL for the resource. Once assigned, this value never changes.","The only time that a resource does not have an id is when it is being submitted to the server using a create operation.","","","","","","","","",,,,,"",,,,"Resource.id",0,1,"",""
"DiagnosticReport.meta","DiagnosticReport.meta","","","",0,1,"","","Y","Meta {[]} {[]}
","Metadata about the resource","The metadata about the resource. This is content that is maintained by the infrastructure. Changes to the content might not always be associated with version changes to the resource.","","","","","","","","","",,,,,"",,,,"Resource.meta",0,1,"","ele-1:All FHIR elements must have a @value or children {hasValue() or (children().count() > id.count())}
"
"DiagnosticReport.implicitRules","DiagnosticReport.implicitRules","","","",0,1,"","Y","Y","uri {[]} {[]}
","A set of rules under which this content was created","A reference to a set of rules that were followed when the resource was constructed, and which must be understood when processing the content. Often, this is a reference to an implementation guide that defines the special rules along with other profiles etc.","Asserting this rule set restricts the content to be only understood by a limited set of trading partners. This inherently limits the usefulness of the data in the long term. However, the existing health eco-system is highly fractured, and not yet ready to define, collect, and exchange data in a generally computable sense. Wherever possible, implementers and/or specification writers should avoid using this element. Often, when used, the URL is a reference to an implementation guide that defines these special rules as part of it's narrative along with other profiles, value sets, etc.","","","","","","","","",,,,,"",,,,"Resource.implicitRules",0,1,"","ele-1:All FHIR elements must have a @value or children {hasValue() or (children().count() > id.count())}
"
"DiagnosticReport.language","DiagnosticReport.language","","","",0,1,"","","","code {[]} {[]}
","Language of the resource content","The base language in which the resource is written.","Language is provided to support indexing and accessibility (typically, services such as text to speech use the language tag). The html language tag in the narrative applies  to the narrative. The language tag on the resource may be used to specify the language of other presentations generated from the data in the resource. Not all the content has to be in the base language. The Resource.language should not be assumed to apply to the narrative automatically. If a language is specified, it should it also be specified on the div element in the html (see rules in HTML5 for information about the relationship between xml:lang and the html lang attribute).","","","","","","","","",,"preferred","A human language.","http://hl7.org/fhir/ValueSet/languages","",,,,"Resource.language",0,1,"","ele-1:All FHIR elements must have a @value or children {hasValue() or (children().count() > id.count())}
"
"DiagnosticReport.text","DiagnosticReport.text","","narrative
htmlxhtmldisplay","",0,1,"","","","Narrative {[]} {[]}
","Text summary of the resource, for human interpretation","A human-readable narrative that contains a summary of the resource and can be used to represent the content of the resource to a human. The narrative need not encode all the structured data, but is required to contain sufficient detail to make it ""clinically safe"" for a human to just read the narrative. Resource definitions may define what content should be represented in the narrative to ensure clinical safety.","Contained resources do not have narrative. Resources that are not contained SHOULD have a narrative. In some cases, a resource may only have text with little or no additional discrete data (as long as all minOccurs=1 elements are satisfied).  This may be necessary for data from legacy systems where information is captured as a ""text blob"" or where text is additionally entered raw or narrated and encoded information is added later.","","","","","","","","",,,,,"",,,,"DomainResource.text",0,1,"","ele-1:All FHIR elements must have a @value or children {hasValue() or (children().count() > id.count())}
","Act.text?"
"DiagnosticReport.contained","DiagnosticReport.contained","","inline resources
anonymous resourcescontained resources","",0,*,"","","","Resource {[]} {[]}
","Contained, inline Resources","These resources do not have an independent existence apart from the resource that contains them - they cannot be identified independently, and nor can they have their own independent transaction scope.","This should never be done when the content can be identified properly, as once identification is lost, it is extremely difficult (and context dependent) to restore it again. Contained resources may have profiles and tags In their meta elements, but SHALL NOT have security labels.","","","","","","","","",,,,,"",,,,"DomainResource.contained",0,*,"","","N/A"
"DiagnosticReport.extension","DiagnosticReport.extension","","","",0,*,"","","","Extension {[]} {[]}
","Extension","An Extension","","","","","","","","","",,,,,"","value:url}
","",,"open","DomainResource.extension",0,*,"","ele-1:All FHIR elements must have a @value or children {hasValue() or (children().count() > id.count())}
ext-1:Must have either extensions or value[x], not both {extension.exists() != value.exists()}"
"DiagnosticReport.extension:RelatedArtifact","DiagnosticReport.extension","RelatedArtifact","","",0,*,"","","","Extension {[CanonicalType[http://hl7.org/fhir/uv/genomics-reporting/StructureDefinition/RelatedArtifact]]} {[]}
","Citations and supporting info","References to literature that supports the assertions made within the report, describes the methodology used in testing or other information relevant to the interpretation of the report.","","","","","","","","","",,,,,"",,,,"DomainResource.extension",0,*,"ele-1
","ele-1:All FHIR elements must have a @value or children {hasValue() or (children().count() > id.count())}
ext-1:Must have either extensions or value[x], not both {extension.exists() != value.exists()}"
"DiagnosticReport.extension:RecommendedAction","DiagnosticReport.extension","RecommendedAction","","",0,*,"","","","Extension {[CanonicalType[http://hl7.org/fhir/uv/genomics-reporting/StructureDefinition/RecommendedAction]]} {[]}
","Tasks relevant to report","References a proposed action that is recommended based on the results of the diagnostic report.","","","","","","","","","",,,,,"",,,,"DomainResource.extension",0,*,"ele-1
","ele-1:All FHIR elements must have a @value or children {hasValue() or (children().count() > id.count())}
ext-1:Must have either extensions or value[x], not both {extension.exists() != value.exists()}","N/A (from other CG FHIR work)"
"DiagnosticReport.extension:RecommendedAction.id","DiagnosticReport.extension.id","","","",0,1,"","","","string {[]} {[]}
","Unique id for inter-element referencing","Unique id for the element within a resource (for internal references). This may be any string value that does not contain spaces.","","","","","","","","","",,,,,"",,,,"Element.id",0,1,"","","n/a"
"DiagnosticReport.extension:RecommendedAction.extension","DiagnosticReport.extension.extension","","extensions
user content","",0,*,"","","","Extension {[]} {[]}
","Additional content defined by implementations","May be used to represent additional information that is not part of the basic definition of the element. To make the use of extensions safe and manageable, there is a strict set of governance  applied to the definition and use of extensions. Though any implementer can define an extension, there is a set of requirements that SHALL be met as part of the definition of the extension.","There can be no stigma associated with the use of extensions by any application, project, or standard - regardless of the institution or jurisdiction that uses or defines the extensions.  The use of extensions is what allows the FHIR specification to retain a core level of simplicity for everyone.","","","","","","","","",,,,,"","value:url}
","Extensions are always sliced by (at least) url",,"open","Element.extension",0,*,"","ele-1:All FHIR elements must have a @value or children {hasValue() or (children().count() > id.count())}
ext-1:Must have either extensions or value[x], not both {extension.exists() != value.exists()}","n/a"
"DiagnosticReport.extension:RecommendedAction.url","DiagnosticReport.extension.url","","","",1,1,"","","","uri {[]} {[]}
","identifies the meaning of the extension","Source of the definition for the extension code - a logical name or a URL.","The definition may point directly to a computable or human-readable definition of the extensibility codes, or it may be a logical URI as declared in some other specification. The definition SHALL be a URI for the Structure Definition defining the extension.","","","","<valueUri xmlns=""http://hl7.org/fhir"" value=""http://hl7.org/fhir/uv/genomics-reporting/StructureDefinition/RecommendedAction""/>","","","","",,,,,"",,,,"Extension.url",1,1,"","","N/A"
"DiagnosticReport.extension:RecommendedAction.value[x]:valueReference","DiagnosticReport.extension.value[x]","valueReference","","",1,1,"","","","Reference {[]} {[CanonicalType[http://hl7.org/fhir/StructureDefinition/Task]]}
","Recommended action tasks relevant to report","Value of extension - must be one of a constrained set of the data types (see [Extensibility](https://hl7.org/fhir/extensibility.html) for a list).","","","","","","","","","",,,,,"",,,,"Extension.value[x]",0,1,"","ele-1:All FHIR elements must have a @value or children {hasValue() or (children().count() > id.count())}
","N/A (from other CG FHIR work)","N/A"
"DiagnosticReport.extension:SupportingInfo","DiagnosticReport.extension","SupportingInfo","","",0,*,"","","","Extension {[CanonicalType[http://hl7.org/fhir/uv/genomics-reporting/StructureDefinition/SupportingInfo]]} {[]}
","Other resources that support report","Additional information relevant to interpreting/understanding the report.","","","","","","","","","",,,,,"",,,,"DomainResource.extension",0,*,"ele-1
","ele-1:All FHIR elements must have a @value or children {hasValue() or (children().count() > id.count())}
ext-1:Must have either extensions or value[x], not both {extension.exists() != value.exists()}","N/A (from other CG FHIR work)"
"DiagnosticReport.extension:SupportingInfo.id","DiagnosticReport.extension.id","","","",0,1,"","","","string {[]} {[]}
","Unique id for inter-element referencing","Unique id for the element within a resource (for internal references). This may be any string value that does not contain spaces.","","","","","","","","","",,,,,"",,,,"Element.id",0,1,"","","n/a"
"DiagnosticReport.extension:SupportingInfo.extension","DiagnosticReport.extension.extension","","extensions
user content","",0,*,"","","","Extension {[]} {[]}
","Additional content defined by implementations","May be used to represent additional information that is not part of the basic definition of the element. To make the use of extensions safe and manageable, there is a strict set of governance  applied to the definition and use of extensions. Though any implementer can define an extension, there is a set of requirements that SHALL be met as part of the definition of the extension.","There can be no stigma associated with the use of extensions by any application, project, or standard - regardless of the institution or jurisdiction that uses or defines the extensions.  The use of extensions is what allows the FHIR specification to retain a core level of simplicity for everyone.","","","","","","","","",,,,,"","value:url}
","Extensions are always sliced by (at least) url",,"open","Element.extension",0,*,"","ele-1:All FHIR elements must have a @value or children {hasValue() or (children().count() > id.count())}
ext-1:Must have either extensions or value[x], not both {extension.exists() != value.exists()}","n/a"
"DiagnosticReport.extension:SupportingInfo.url","DiagnosticReport.extension.url","","","",1,1,"","","","uri {[]} {[]}
","identifies the meaning of the extension","Source of the definition for the extension code - a logical name or a URL.","The definition may point directly to a computable or human-readable definition of the extensibility codes, or it may be a logical URI as declared in some other specification. The definition SHALL be a URI for the Structure Definition defining the extension.","","","","<valueUri xmlns=""http://hl7.org/fhir"" value=""http://hl7.org/fhir/uv/genomics-reporting/StructureDefinition/SupportingInfo""/>","","","","",,,,,"",,,,"Extension.url",1,1,"","","N/A"
"DiagnosticReport.extension:SupportingInfo.value[x]:valueReference","DiagnosticReport.extension.value[x]","valueReference","","",1,1,"","","","Reference {[]} {[CanonicalType[http://hl7.org/fhir/StructureDefinition/FamilyMemberHistory], CanonicalType[http://hl7.org/fhir/StructureDefinition/RiskAssessment], CanonicalType[http://hl7.org/fhir/StructureDefinition/Observation], CanonicalType[http://hl7.org/fhir/StructureDefinition/DocumentReference]]}
","Family history with relevance to report","Value of extension - must be one of a constrained set of the data types (see [Extensibility](https://hl7.org/fhir/extensibility.html) for a list).","","","","","","","","","",,,,,"",,,,"Extension.value[x]",0,1,"","ele-1:All FHIR elements must have a @value or children {hasValue() or (children().count() > id.count())}
","N/A (from other CG FHIR work)","N/A"
"DiagnosticReport.extension:risk","DiagnosticReport.extension","risk","","",0,*,"","","","Extension {[CanonicalType[http://hl7.org/fhir/StructureDefinition/diagnosticReport-risk]]} {[]}
","Risk","Provides a link to an assessment of prognosis or risk as informed by the diagnostic results (For example, genetic results and possibly by patient genetic family history information).  This extension is used when need RiskAssessment as an alternate choice  for `Observation.hasMember` or `DiagnosticReport.result`.","","","","","","","","","",,,,,"",,,,"DomainResource.extension",0,*,"ele-1
","ele-1:All FHIR elements must have a @value or children {hasValue() or (children().count() > id.count())}
ext-1:Must have either extensions or value[x], not both {extension.exists() != value.exists()}"
"DiagnosticReport.extension:risk.id","DiagnosticReport.extension.id","","","",0,1,"","","","string {[]} {[]}
","Unique id for inter-element referencing","Unique id for the element within a resource (for internal references). This may be any string value that does not contain spaces.","","","","","","","","","",,,,,"",,,,"Element.id",0,1,"","","n/a"
"DiagnosticReport.extension:risk.extension","DiagnosticReport.extension.extension","","","",0,0,"","","","Extension {[]} {[]}
","Extension","An Extension","","","","","","","","","",,,,,"","value:url}
","Extensions are always sliced by (at least) url",,"open","Element.extension",0,*,"","ele-1:All FHIR elements must have a @value or children {hasValue() or (children().count() > id.count())}
ext-1:Must have either extensions or value[x], not both {extension.exists() != value.exists()}"
"DiagnosticReport.extension:risk.url","DiagnosticReport.extension.url","","","",1,1,"","","","uri {[]} {[]}
","identifies the meaning of the extension","Source of the definition for the extension code - a logical name or a URL.","The definition may point directly to a computable or human-readable definition of the extensibility codes, or it may be a logical URI as declared in some other specification. The definition SHALL be a URI for the Structure Definition defining the extension.","","","","<valueUri xmlns=""http://hl7.org/fhir"" value=""http://hl7.org/fhir/StructureDefinition/diagnosticReport-risk""/>","","","","",,,,,"",,,,"Extension.url",1,1,"","","N/A"
"DiagnosticReport.extension:risk.value[x]","DiagnosticReport.extension.value[x]","","","",1,1,"","","","Reference {[]} {[]}
","Value of extension","Value of extension - must be one of a constrained set of the data types (see [Extensibility](http://hl7.org/fhir/extensibility.html) for a list).","","","","","","","","","",,,,,"","type:$this}
","",,"closed","Extension.value[x]",0,1,"","ele-1:All FHIR elements must have a @value or children {hasValue() or (children().count() > id.count())}
","N/A"
"DiagnosticReport.extension:risk.value[x]:valueReference","DiagnosticReport.extension.value[x]","valueReference","","",1,1,"","","","Reference {[]} {[CanonicalType[http://hl7.org/fhir/StructureDefinition/RiskAssessment]]}
","Value of extension","Value of extension - must be one of a constrained set of the data types (see [Extensibility](http://hl7.org/fhir/extensibility.html) for a list).","","","","","","","","","",,,,,"",,,,"Extension.value[x]",0,1,"","ele-1:All FHIR elements must have a @value or children {hasValue() or (children().count() > id.count())}
","N/A"
"DiagnosticReport.modifierExtension","DiagnosticReport.modifierExtension","","","",1,*,"","Y","","Extension {[]} {[]}
","Extension","An Extension","","","","","","","","","",,,,,"","value:url}
","",,"open","DomainResource.modifierExtension",0,*,"","ele-1:All FHIR elements must have a @value or children {hasValue() or (children().count() > id.count())}
ext-1:Must have either extensions or value[x], not both {extension.exists() != value.exists()}"
"DiagnosticReport.modifierExtension:interpretationStatus","DiagnosticReport.modifierExtension","interpretationStatus","","",1,1,"","Y","","Extension {[CanonicalType[https://github.com/phenopackets/core-ig/StructureDefinition/interpretation-status]]} {[]}
","Phenopackets GenomicInterpretation.interpretation_status: status of the interpretation.","Describes the conclusion made about the genomic interpretation.","","","","","","","","","",,,,,"",,,,"DomainResource.modifierExtension",0,*,"ele-1
","ele-1:All FHIR elements must have a @value or children {hasValue() or (children().count() > id.count())}
ext-1:Must have either extensions or value[x], not both {extension.exists() != value.exists()}"
"DiagnosticReport.identifier","DiagnosticReport.identifier","","ReportID
Filler IDPlacer ID","",0,1,"","","Y","Identifier {[]} {[]}
","Business identifier for report","Identifiers assigned to this report by the performer or other systems.","Usually assigned by the Information System of the diagnostic service provider (filler id).","Need to know what identifier to use when making queries about this report from the source laboratory, and for linking to the report outside FHIR context.","","","","","","","",,,,,"",,,,"DiagnosticReport.identifier",0,*,"","ele-1:All FHIR elements must have a @value or children {hasValue() or (children().count() > id.count())}
","Event.identifier","OBR-51/ for globally unique filler ID  - OBR-3 , For non-globally unique filler-id the flller/placer number must be combined with the universal service Id -  OBR-2(if present)+OBR-3+OBR-4","id","FiveWs.identifier"
"DiagnosticReport.basedOn","DiagnosticReport.basedOn","","Request
","",0,*,"","","","Reference {[]} {[CanonicalType[http://hl7.org/fhir/StructureDefinition/ServiceRequest]]}
","What was requested","Details concerning a service requested.","Note: Usually there is one test request for each result, however in some circumstances multiple test requests may be represented using a single test result resource. Note that there are also cases where one request leads to multiple reports.","This allows tracing of authorization for the report and tracking whether proposals/recommendations were acted upon.","","","","","","","",,,,,"",,,,"DiagnosticReport.basedOn",0,*,"","ele-1:All FHIR elements must have a @value or children {hasValue() or (children().count() > id.count())}
","Event.basedOn","ORC? OBR-2/3?","outboundRelationship[typeCode=FLFS].target"
"DiagnosticReport.status","DiagnosticReport.status","","","",1,1,"","Y","Y","code {[]} {[]}
","registered | partial | preliminary | final +","The status of the diagnostic report.","","Diagnostic services routinely issue provisional/incomplete reports, and sometimes withdraw previously released reports.","","","","<valueCode xmlns=""http://hl7.org/fhir"" value=""unknown""/>","","","",,"required","The status of the diagnostic report.","http://hl7.org/fhir/ValueSet/diagnostic-report-status|4.0.1","",,,,"DiagnosticReport.status",1,1,"","ele-1:All FHIR elements must have a @value or children {hasValue() or (children().count() > id.count())}
","Event.status","OBR-25 (not 1:1 mapping)","statusCode  Note: final and amended are distinguished by whether observation is the subject of a ControlAct event of type ""revise""","FiveWs.status"
"DiagnosticReport.category","DiagnosticReport.category","","Department
Sub-departmentServiceDiscipline","",0,*,"","","Y","CodeableConcept {[]} {[]}
","Service category","A code that classifies the clinical discipline, department or diagnostic service that created the report (e.g. cardiology, biochemistry, hematology, MRI). This is used for searching, sorting and display purposes.","Multiple categories are allowed using various categorization schemes.   The level of granularity is defined by the category concepts in the value set. More fine-grained filtering can be performed using the metadata and/or terminology hierarchy in DiagnosticReport.code.","","","","","<valueCodeableConcept xmlns=""http://hl7.org/fhir"">
  <coding>
    <system value=""http://terminology.hl7.org/CodeSystem/v2-0074""/>
    <code value=""GE""/>
  </coding>
</valueCodeableConcept>","","","",,"example","Codes for diagnostic service sections.","http://hl7.org/fhir/ValueSet/diagnostic-service-sections","",,,,"DiagnosticReport.category",0,*,"","ele-1:All FHIR elements must have a @value or children {hasValue() or (children().count() > id.count())}
","OBR-24","inboundRelationship[typeCode=COMP].source[classCode=LIST, moodCode=EVN, code < LabService].code","FiveWs.class"
"DiagnosticReport.code","DiagnosticReport.code","","Type
","",1,1,"","","Y","CodeableConcept {[]} {[]}
","Name/Code for this diagnostic report","A code or name that describes this diagnostic report.","","","","","","","","","",,"preferred","Codes that describe Diagnostic Reports.","http://hl7.org/fhir/ValueSet/report-codes","",,,,"DiagnosticReport.code",1,1,"","ele-1:All FHIR elements must have a @value or children {hasValue() or (children().count() > id.count())}
","Event.code","OBR-4 (HL7 v2 doesn't provide an easy way to indicate both the ordered test and the performed panel)","code","FiveWs.what[x]"
"DiagnosticReport.code.id","DiagnosticReport.code.id","","","",0,1,"","","","string {[]} {[]}
","Unique id for inter-element referencing","Unique id for the element within a resource (for internal references). This may be any string value that does not contain spaces.","","","","","","","","","",,,,,"",,,,"Element.id",0,1,"","","n/a"
"DiagnosticReport.code.extension","DiagnosticReport.code.extension","","extensions
user content","",0,*,"","","","Extension {[]} {[]}
","Additional content defined by implementations","May be used to represent additional information that is not part of the basic definition of the element. To make the use of extensions safe and manageable, there is a strict set of governance  applied to the definition and use of extensions. Though any implementer can define an extension, there is a set of requirements that SHALL be met as part of the definition of the extension.","There can be no stigma associated with the use of extensions by any application, project, or standard - regardless of the institution or jurisdiction that uses or defines the extensions.  The use of extensions is what allows the FHIR specification to retain a core level of simplicity for everyone.","","","","","","","","",,,,,"","value:url}
","Extensions are always sliced by (at least) url",,"open","Element.extension",0,*,"","ele-1:All FHIR elements must have a @value or children {hasValue() or (children().count() > id.count())}
ext-1:Must have either extensions or value[x], not both {extension.exists() != value.exists()}","n/a"
"DiagnosticReport.code.coding","DiagnosticReport.code.coding","","","",1,*,"","","Y","Coding {[]} {[]}
","Code defined by a terminology system","A reference to a code defined by a terminology system.","Codes may be defined very casually in enumerations, or code lists, up to very formal definitions such as SNOMED CT - see the HL7 v3 Core Principles for more information.  Ordering of codings is undefined and SHALL NOT be used to infer meaning. Generally, at most only one of the coding values will be labeled as UserSelected = true.","Allows for alternative encodings within a code system, and translations to other code systems.","","","","","","","",,,,,"","value:system}
value:code}","",,"open","CodeableConcept.coding",0,*,"","ele-1:All FHIR elements must have a @value or children {hasValue() or (children().count() > id.count())}
","C*E.1-8, C*E.10-22","union(., ./translation)"
"DiagnosticReport.code.coding:code","DiagnosticReport.code.coding","code","","",1,1,"","","Y","Coding {[]} {[]}
","Code defined by a terminology system","A reference to a code defined by a terminology system.","Codes may be defined very casually in enumerations, or code lists, up to very formal definitions such as SNOMED CT - see the HL7 v3 Core Principles for more information.  Ordering of codings is undefined and SHALL NOT be used to infer meaning. Generally, at most only one of the coding values will be labeled as UserSelected = true.","Allows for alternative encodings within a code system, and translations to other code systems.","","","","","","","",,,,,"",,,,"CodeableConcept.coding",0,*,"","ele-1:All FHIR elements must have a @value or children {hasValue() or (children().count() > id.count())}
","C*E.1-8, C*E.10-22","union(., ./translation)"
"DiagnosticReport.code.coding:code.id","DiagnosticReport.code.coding.id","","","",0,1,"","","","string {[]} {[]}
","Unique id for inter-element referencing","Unique id for the element within a resource (for internal references). This may be any string value that does not contain spaces.","","","","","","","","","",,,,,"",,,,"Element.id",0,1,"","","n/a"
"DiagnosticReport.code.coding:code.extension","DiagnosticReport.code.coding.extension","","extensions
user content","",0,*,"","","","Extension {[]} {[]}
","Additional content defined by implementations","May be used to represent additional information that is not part of the basic definition of the element. To make the use of extensions safe and manageable, there is a strict set of governance  applied to the definition and use of extensions. Though any implementer can define an extension, there is a set of requirements that SHALL be met as part of the definition of the extension.","There can be no stigma associated with the use of extensions by any application, project, or standard - regardless of the institution or jurisdiction that uses or defines the extensions.  The use of extensions is what allows the FHIR specification to retain a core level of simplicity for everyone.","","","","","","","","",,,,,"","value:url}
","Extensions are always sliced by (at least) url",,"open","Element.extension",0,*,"","ele-1:All FHIR elements must have a @value or children {hasValue() or (children().count() > id.count())}
ext-1:Must have either extensions or value[x], not both {extension.exists() != value.exists()}","n/a"
"DiagnosticReport.code.coding:code.system","DiagnosticReport.code.coding.system","","","",1,1,"","","Y","uri {[]} {[]}
","Identity of the terminology system","The identification of the code system that defines the meaning of the symbol in the code.","The URI may be an OID (urn:oid:...) or a UUID (urn:uuid:...).  OIDs and UUIDs SHALL be references to the HL7 OID registry. Otherwise, the URI should come from HL7's list of FHIR defined special URIs or it should reference to some definition that establishes the system clearly and unambiguously.","Need to be unambiguous about the source of the definition of the symbol.","","","<valueUri xmlns=""http://hl7.org/fhir"" value=""http://loinc.org""/>","","","","",,,,,"",,,,"Coding.system",0,1,"","ele-1:All FHIR elements must have a @value or children {hasValue() or (children().count() > id.count())}
","C*E.3","./codeSystem"
"DiagnosticReport.code.coding:code.version","DiagnosticReport.code.coding.version","","","",0,1,"","","Y","string {[]} {[]}
","Version of the system - if relevant","The version of the code system which was used when choosing this code. Note that a well-maintained code system does not need the version reported, because the meaning of codes is consistent across versions. However this cannot consistently be assured, and when the meaning is not guaranteed to be consistent, the version SHOULD be exchanged.","Where the terminology does not clearly define what string should be used to identify code system versions, the recommendation is to use the date (expressed in FHIR date format) on which that version was officially published as the version date.","","","","","","","","",,,,,"",,,,"Coding.version",0,1,"","ele-1:All FHIR elements must have a @value or children {hasValue() or (children().count() > id.count())}
","C*E.7","./codeSystemVersion"
"DiagnosticReport.code.coding:code.code","DiagnosticReport.code.coding.code","","","",1,1,"","","Y","code {[]} {[]}
","Master HL7 genetic variant reporting panel","A symbol in syntax defined by the system. The symbol may be a predefined code or an expression in a syntax defined by the coding system (e.g. post-coordination).","","Need to refer to a particular code in the system.","","","<valueCode xmlns=""http://hl7.org/fhir"" value=""81247-9""/>","","","","",,,,,"",,,,"Coding.code",0,1,"","ele-1:All FHIR elements must have a @value or children {hasValue() or (children().count() > id.count())}
","C*E.1","./code"
"DiagnosticReport.code.coding:code.display","DiagnosticReport.code.coding.display","","","",0,1,"","","Y","string {[]} {[]}
","Representation defined by the system","A representation of the meaning of the code in the system, following the rules of the system.","","Need to be able to carry a human-readable meaning of the code for readers that do not know  the system.","","","","","","","",,,,,"",,,,"Coding.display",0,1,"","ele-1:All FHIR elements must have a @value or children {hasValue() or (children().count() > id.count())}
","C*E.2 - but note this is not well followed","CV.displayName"
"DiagnosticReport.code.coding:code.userSelected","DiagnosticReport.code.coding.userSelected","","","",0,1,"","","Y","boolean {[]} {[]}
","If this coding was chosen directly by the user","Indicates that this coding was chosen by a user directly - e.g. off a pick list of available items (codes or displays).","Amongst a set of alternatives, a directly chosen code is the most appropriate starting point for new translations. There is some ambiguity about what exactly 'directly chosen' implies, and trading partner agreement may be needed to clarify the use of this element and its consequences more completely.","This has been identified as a clinical safety criterium - that this exact system/code pair was chosen explicitly, rather than inferred by the system based on some rules or language processing.","","","","","","","",,,,,"",,,,"Coding.userSelected",0,1,"","ele-1:All FHIR elements must have a @value or children {hasValue() or (children().count() > id.count())}
","Sometimes implied by being first","CD.codingRationale"
"DiagnosticReport.code.text","DiagnosticReport.code.text","","","",0,1,"","","Y","string {[]} {[]}
","Plain text representation of the concept","A human language representation of the concept as seen/selected/uttered by the user who entered the data and/or which represents the intended meaning of the user.","Very often the text is the same as a displayName of one of the codings.","The codes from the terminologies do not always capture the correct meaning with all the nuances of the human using them, or sometimes there is no appropriate code at all. In these cases, the text is used to capture the full meaning of the source.","","","","","","","",,,,,"",,,,"CodeableConcept.text",0,1,"","ele-1:All FHIR elements must have a @value or children {hasValue() or (children().count() > id.count())}
","C*E.9. But note many systems use C*E.2 for this","./originalText[mediaType/code=""text/plain""]/data"
"DiagnosticReport.subject","DiagnosticReport.subject","","Patient
","",0,1,"Y","","Y","Reference {[]} {[CanonicalType[http://hl7.org/fhir/StructureDefinition/Patient], CanonicalType[http://hl7.org/fhir/StructureDefinition/Group], CanonicalType[http://hl7.org/fhir/StructureDefinition/Location]]}
","Phenopackets GenomicInterpretation.subject_or_biosample_id: The id of the patient 
                    or biosample that is the subject being interpreted.
                    Check specimen element.","The subject of the report. Usually, but not always, this is a patient. However, diagnostic services also perform analyses on specimens collected from a variety of other sources.","","SHALL know the subject context.","","","","","","","",,,,,"",,,,"DiagnosticReport.subject",0,1,"","ele-1:All FHIR elements must have a @value or children {hasValue() or (children().count() > id.count())}
phenopackets-subject-or-specimen-id:subject.id and/or specimen.id SHALL be present {null}","Event.subject","PID-3 (no HL7 v2 mapping for Group or Device)","participation[typeCode=SBJ]","FiveWs.subject[x]","FiveWs.subject"
"DiagnosticReport.encounter","DiagnosticReport.encounter","","Context
","",0,1,"","","Y","Reference {[]} {[CanonicalType[http://hl7.org/fhir/StructureDefinition/Encounter]]}
","Health care event when test ordered","The healthcare event  (e.g. a patient and healthcare provider interaction) which this DiagnosticReport is about.","This will typically be the encounter the event occurred within, but some events may be initiated prior to or after the official completion of an encounter  but still be tied to the context of the encounter  (e.g. pre-admission laboratory tests).","Links the request to the Encounter context.","","","","","","","",,,,,"",,,,"DiagnosticReport.encounter",0,1,"","ele-1:All FHIR elements must have a @value or children {hasValue() or (children().count() > id.count())}
","Event.encounter","PV1-19","inboundRelationship[typeCode=COMP].source[classCode=ENC, moodCode=EVN]","FiveWs.context"
"DiagnosticReport.effective[x]","DiagnosticReport.effective[x]","","Observation time
Effective TimeOccurrence","",0,1,"","","Y","dateTime {[]} {[]}
","Clinically relevant time/time-period for report","The time or time-period the observed values are related to. When the subject of the report is a patient, this is usually either the time of the procedure or of specimen collection(s), but very often the source of the date/time is not known, only the date/time itself.","If the diagnostic procedure was performed on the patient, this is the time it was performed. If there are specimens, the diagnostically relevant time can be derived from the specimen collection times, but the specimen information is not always available, and the exact relationship between the specimens and the diagnostically relevant time is not always automatic.","Need to know where in the patient history to file/present this report.","","","","","","","",,,,,"","type:$this}
","",,"closed","DiagnosticReport.effective[x]",0,1,"","ele-1:All FHIR elements must have a @value or children {hasValue() or (children().count() > id.count())}
","Event.occurrence[x]","OBR-7","effectiveTime","FiveWs.done[x]"
"DiagnosticReport.effective[x]:effectiveDateTime","DiagnosticReport.effective[x]","effectiveDateTime","Observation time
Effective TimeOccurrence","",0,1,"","","Y","dateTime {[]} {[]}
","Clinically relevant time/time-period for report","The time or time-period the observed values are related to. When the subject of the report is a patient, this is usually either the time of the procedure or of specimen collection(s), but very often the source of the date/time is not known, only the date/time itself.","If the diagnostic procedure was performed on the patient, this is the time it was performed. If there are specimens, the diagnostically relevant time can be derived from the specimen collection times, but the specimen information is not always available, and the exact relationship between the specimens and the diagnostically relevant time is not always automatic.","Need to know where in the patient history to file/present this report.","","","","","","","",,,,,"",,,,"DiagnosticReport.effective[x]",0,1,"","ele-1:All FHIR elements must have a @value or children {hasValue() or (children().count() > id.count())}
","Event.occurrence[x]","OBR-7","effectiveTime","FiveWs.done[x]"
"DiagnosticReport.issued","DiagnosticReport.issued","","Date published
Date IssuedDate Verified","",0,1,"","","Y","instant {[]} {[]}
","DateTime this version was made","The date and time that this version of the report was made available to providers, typically after the report was reviewed and verified.","May be different from the update time of the resource itself, because that is the status of the record (potentially a secondary copy), not the actual release time of the report.","Clinicians need to be able to check the date that the report was released.","","","","","","","",,,,,"",,,,"DiagnosticReport.issued",0,1,"","ele-1:All FHIR elements must have a @value or children {hasValue() or (children().count() > id.count())}
","OBR-22","participation[typeCode=VRF or AUT].time","FiveWs.recorded"
"DiagnosticReport.performer","DiagnosticReport.performer","","Laboratory
ServicePractitionerDepartmentCompanyAuthorized byDirector","",0,1,"","","Y","Reference {[]} {[CanonicalType[http://hl7.org/fhir/StructureDefinition/Practitioner], CanonicalType[http://hl7.org/fhir/StructureDefinition/PractitionerRole], CanonicalType[http://hl7.org/fhir/StructureDefinition/Organization], CanonicalType[http://hl7.org/fhir/StructureDefinition/CareTeam]]}
","Responsible Diagnostic Service","The diagnostic service that is responsible for issuing the report.","This is not necessarily the source of the atomic data items or the entity that interpreted the results. It is the entity that takes responsibility for the clinical report.","Need to know whom to contact if there are queries about the results. Also may need to track the source of reports for secondary data analysis.","","","","","","","",,,,,"",,,,"DiagnosticReport.performer",0,*,"","ele-1:All FHIR elements must have a @value or children {hasValue() or (children().count() > id.count())}
","Event.performer.actor","PRT-8 (where this PRT-4-Participation = ""PO"")",".participation[typeCode=PRF]","FiveWs.actor"
"DiagnosticReport.resultsInterpreter","DiagnosticReport.resultsInterpreter","","Analyzed by
Reported by","",0,*,"","","Y","Reference {[]} {[CanonicalType[http://hl7.org/fhir/StructureDefinition/Practitioner], CanonicalType[http://hl7.org/fhir/StructureDefinition/PractitionerRole], CanonicalType[http://hl7.org/fhir/StructureDefinition/Organization], CanonicalType[http://hl7.org/fhir/StructureDefinition/CareTeam]]}
","Primary result interpreter","The practitioner or organization that is responsible for the report's conclusions and interpretations.","Might not be the same entity that takes responsibility for the clinical report.","Need to know whom to contact if there are queries about the results. Also may need to track the source of reports for secondary data analysis.","","","","","","","",,,,,"",,,,"DiagnosticReport.resultsInterpreter",0,*,"","ele-1:All FHIR elements must have a @value or children {hasValue() or (children().count() > id.count())}
","Event.performer.actor","OBR-32, PRT-8 (where this PRT-4-Participation = ""PI"")",".participation[typeCode=PRF]","FiveWs.actor"
"DiagnosticReport.specimen","DiagnosticReport.specimen","","","",0,1,"","","","Reference {[]} {[CanonicalType[http://hl7.org/fhir/uv/genomics-reporting/StructureDefinition/specimen]]}
","Phenopackets GenomicInterpretation.subject_or_biosample_id: The id of the patient 
                    or biosample that is the subject being interpreted.
                    Check subject element.","Details about the specimens on which this diagnostic report is based.","If the specimen is sufficiently specified with a code in the test result name, then this additional data may be redundant. If there are multiple specimens, these may be represented per observation or group.","Need to be able to report information about the collected specimens on which the report is based.","","","","","","","",,,,,"",,,,"DiagnosticReport.specimen",0,*,"","ele-1:All FHIR elements must have a @value or children {hasValue() or (children().count() > id.count())}
phenopackets-subject-or-specimen-id:subject.id and/or specimen.id SHALL be present {null}","SPM","participation[typeCode=SBJ]"
"DiagnosticReport.result","DiagnosticReport.result","","Data
Atomic ValueResultAtomic resultDataTestAnalyteBatteryOrganizer","",1,*,"","","","Reference {[]} {[CanonicalType[http://hl7.org/fhir/StructureDefinition/Observation]]}
","Observations","[Observations](https://hl7.org/fhir/observation.html)  that are part of this diagnostic report.","Observations can contain observations.","Need to support individual results, or  groups of results, where the result grouping is arbitrary, but meaningful.","","","","","","","",,,,,"","pattern:resolve().code}
","",,"open","DiagnosticReport.result",0,*,"","ele-1:All FHIR elements must have a @value or children {hasValue() or (children().count() > id.count())}
","OBXs","outboundRelationship[typeCode=COMP].target"
"DiagnosticReport.result:gen-grouper","DiagnosticReport.result","gen-grouper","Data
Atomic ValueResultAtomic resultDataTestAnalyteBatteryOrganizer","",0,*,"","","","Reference {[]} {[CanonicalType[http://hl7.org/fhir/uv/genomics-reporting/StructureDefinition/grouper]]}
","Grouper","[Observations](https://hl7.org/fhir/observation.html)  that are part of this diagnostic report.","Observations can contain observations.","Need to support individual results, or  groups of results, where the result grouping is arbitrary, but meaningful.","","","","","","","",,,,,"",,,,"DiagnosticReport.result",0,*,"","ele-1:All FHIR elements must have a @value or children {hasValue() or (children().count() > id.count())}
","TBD","OBXs","outboundRelationship[typeCode=COMP].target"
"DiagnosticReport.result:overall","DiagnosticReport.result","overall","Data
Atomic ValueResultAtomic resultDataTestAnalyteBatteryOrganizer","",0,1,"","","","Reference {[]} {[CanonicalType[http://hl7.org/fhir/uv/genomics-reporting/StructureDefinition/overall-interpretation]]}
","Assessment of overall results","[Observations](https://hl7.org/fhir/observation.html)  that are part of this diagnostic report.","Observations can contain observations.","Need to support individual results, or  groups of results, where the result grouping is arbitrary, but meaningful.","","","","","","","",,,,,"",,,,"DiagnosticReport.result",0,*,"","ele-1:All FHIR elements must have a @value or children {hasValue() or (children().count() > id.count())}
","A.8","OBXs","outboundRelationship[typeCode=COMP].target"
"DiagnosticReport.result:inh-dis-path","DiagnosticReport.result","inh-dis-path","Data
Atomic ValueResultAtomic resultDataTestAnalyteBatteryOrganizer","",0,*,"","","","Reference {[]} {[CanonicalType[http://hl7.org/fhir/uv/genomics-reporting/StructureDefinition/inherited-disease-pathogenicity]]}
","Inherited Disease Pathology","[Observations](https://hl7.org/fhir/observation.html)  that are part of this diagnostic report.","Observations can contain observations.","Need to support individual results, or  groups of results, where the result grouping is arbitrary, but meaningful.","","","","","","","",,,,,"",,,,"DiagnosticReport.result",0,*,"","ele-1:All FHIR elements must have a @value or children {hasValue() or (children().count() > id.count())}
","TBD","OBXs","outboundRelationship[typeCode=COMP].target"
"DiagnosticReport.result:som-diagnostic","DiagnosticReport.result","som-diagnostic","Data
Atomic ValueResultAtomic resultDataTestAnalyteBatteryOrganizer","",0,*,"","","","Reference {[]} {[CanonicalType[http://hl7.org/fhir/uv/genomics-reporting/StructureDefinition/somatic-diagnostic]]}
","Somatic Diagnostic","[Observations](https://hl7.org/fhir/observation.html)  that are part of this diagnostic report.","Observations can contain observations.","Need to support individual results, or  groups of results, where the result grouping is arbitrary, but meaningful.","","","","","","","",,,,,"",,,,"DiagnosticReport.result",0,*,"","ele-1:All FHIR elements must have a @value or children {hasValue() or (children().count() > id.count())}
","TBD","OBXs","outboundRelationship[typeCode=COMP].target"
"DiagnosticReport.result:som-prognostic","DiagnosticReport.result","som-prognostic","Data
Atomic ValueResultAtomic resultDataTestAnalyteBatteryOrganizer","",0,*,"","","","Reference {[]} {[CanonicalType[http://hl7.org/fhir/uv/genomics-reporting/StructureDefinition/somatic-prognostic]]}
","Somatic Prognostic","[Observations](https://hl7.org/fhir/observation.html)  that are part of this diagnostic report.","Observations can contain observations.","Need to support individual results, or  groups of results, where the result grouping is arbitrary, but meaningful.","","","","","","","",,,,,"",,,,"DiagnosticReport.result",0,*,"","ele-1:All FHIR elements must have a @value or children {hasValue() or (children().count() > id.count())}
","TBD","OBXs","outboundRelationship[typeCode=COMP].target"
"DiagnosticReport.result:som-predictive","DiagnosticReport.result","som-predictive","Data
Atomic ValueResultAtomic resultDataTestAnalyteBatteryOrganizer","",0,*,"","","","Reference {[]} {[CanonicalType[http://hl7.org/fhir/uv/genomics-reporting/StructureDefinition/somatic-predictive]]}
","Somatic Predictive","[Observations](https://hl7.org/fhir/observation.html)  that are part of this diagnostic report.","Observations can contain observations.","Need to support individual results, or  groups of results, where the result grouping is arbitrary, but meaningful.","","","","","","","",,,,,"",,,,"DiagnosticReport.result",0,*,"","ele-1:All FHIR elements must have a @value or children {hasValue() or (children().count() > id.count())}
","TBD","OBXs","outboundRelationship[typeCode=COMP].target"
"DiagnosticReport.result:med-metabolism","DiagnosticReport.result","med-metabolism","Data
Atomic ValueResultAtomic resultDataTestAnalyteBatteryOrganizer","",0,*,"","","","Reference {[]} {[CanonicalType[http://hl7.org/fhir/uv/genomics-reporting/StructureDefinition/medication-metabolism]]}
","Metabolism Implication","[Observations](https://hl7.org/fhir/observation.html)  that are part of this diagnostic report.","Observations can contain observations.","Need to support individual results, or  groups of results, where the result grouping is arbitrary, but meaningful.","","","","","","","",,,,,"",,,,"DiagnosticReport.result",0,*,"","ele-1:All FHIR elements must have a @value or children {hasValue() or (children().count() > id.count())}
","TDB","OBXs","outboundRelationship[typeCode=COMP].target"
"DiagnosticReport.result:med-efficacy","DiagnosticReport.result","med-efficacy","Data
Atomic ValueResultAtomic resultDataTestAnalyteBatteryOrganizer","",0,*,"","","","Reference {[]} {[CanonicalType[http://hl7.org/fhir/uv/genomics-reporting/StructureDefinition/medication-efficacy]]}
","Efficacy Implication","[Observations](https://hl7.org/fhir/observation.html)  that are part of this diagnostic report.","Observations can contain observations.","Need to support individual results, or  groups of results, where the result grouping is arbitrary, but meaningful.","","","","","","","",,,,,"",,,,"DiagnosticReport.result",0,*,"","ele-1:All FHIR elements must have a @value or children {hasValue() or (children().count() > id.count())}
","TDB","OBXs","outboundRelationship[typeCode=COMP].target"
"DiagnosticReport.result:med-transporter","DiagnosticReport.result","med-transporter","Data
Atomic ValueResultAtomic resultDataTestAnalyteBatteryOrganizer","",0,*,"","","","Reference {[]} {[CanonicalType[http://hl7.org/fhir/uv/genomics-reporting/StructureDefinition/medication-transporter]]}
","Observations","[Observations](https://hl7.org/fhir/observation.html)  that are part of this diagnostic report.","Observations can contain observations.","Need to support individual results, or  groups of results, where the result grouping is arbitrary, but meaningful.","","","","","","","",,,,,"",,,,"DiagnosticReport.result",0,*,"","ele-1:All FHIR elements must have a @value or children {hasValue() or (children().count() > id.count())}
","OBXs","outboundRelationship[typeCode=COMP].target"
"DiagnosticReport.result:med-high-risk","DiagnosticReport.result","med-high-risk","Data
Atomic ValueResultAtomic resultDataTestAnalyteBatteryOrganizer","",0,*,"","","","Reference {[]} {[CanonicalType[http://hl7.org/fhir/uv/genomics-reporting/StructureDefinition/medication-high-risk]]}
","High-Risk Medication Implication","[Observations](https://hl7.org/fhir/observation.html)  that are part of this diagnostic report.","Observations can contain observations.","Need to support individual results, or  groups of results, where the result grouping is arbitrary, but meaningful.","","","","","","","",,,,,"",,,,"DiagnosticReport.result",0,*,"","ele-1:All FHIR elements must have a @value or children {hasValue() or (children().count() > id.count())}
","TDB","OBXs","outboundRelationship[typeCode=COMP].target"
"DiagnosticReport.result:genotype","DiagnosticReport.result","genotype","Data
Atomic ValueResultAtomic resultDataTestAnalyteBatteryOrganizer","",0,*,"","","","Reference {[]} {[CanonicalType[http://hl7.org/fhir/uv/genomics-reporting/StructureDefinition/genotype]]}
","Genotype","[Observations](https://hl7.org/fhir/observation.html)  that are part of this diagnostic report.","Observations can contain observations.","Need to support individual results, or  groups of results, where the result grouping is arbitrary, but meaningful.","","","","","","","",,,,,"",,,,"DiagnosticReport.result",0,*,"","ele-1:All FHIR elements must have a @value or children {hasValue() or (children().count() > id.count())}
","TBD","OBXs","outboundRelationship[typeCode=COMP].target"
"DiagnosticReport.result:haplotype","DiagnosticReport.result","haplotype","Data
Atomic ValueResultAtomic resultDataTestAnalyteBatteryOrganizer","",0,*,"","","","Reference {[]} {[CanonicalType[http://hl7.org/fhir/uv/genomics-reporting/StructureDefinition/haplotype]]}
","Haplotype","[Observations](https://hl7.org/fhir/observation.html)  that are part of this diagnostic report.","Observations can contain observations.","Need to support individual results, or  groups of results, where the result grouping is arbitrary, but meaningful.","","","","","","","",,,,,"",,,,"DiagnosticReport.result",0,*,"","ele-1:All FHIR elements must have a @value or children {hasValue() or (children().count() > id.count())}
","TBD","OBXs","outboundRelationship[typeCode=COMP].target"
"DiagnosticReport.result:variant","DiagnosticReport.result","variant","Data
Atomic ValueResultAtomic resultDataTestAnalyteBatteryOrganizer","",1,1,"Y","","","Reference {[]} {[CanonicalType[https://github.com/phenopackets/core-ig/StructureDefinition/phenopackets-variant]]}
","Phenopackets GenomicInterpretation.call: Represents the interpretation, 
                            i.e., oneof {GeneDescriptor|VariantInterpretation}.","[Observations](https://hl7.org/fhir/observation.html)  that are part of this diagnostic report.","Observations can contain observations.","Need to support individual results, or  groups of results, where the result grouping is arbitrary, but meaningful.","","","","","","","",,,,,"",,,,"DiagnosticReport.result",0,*,"","ele-1:All FHIR elements must have a @value or children {hasValue() or (children().count() > id.count())}
","TBD","OBXs","outboundRelationship[typeCode=COMP].target"
"DiagnosticReport.result:sequence-phase-relation","DiagnosticReport.result","sequence-phase-relation","Data
Atomic ValueResultAtomic resultDataTestAnalyteBatteryOrganizer","",0,*,"","","","Reference {[]} {[CanonicalType[http://hl7.org/fhir/uv/genomics-reporting/StructureDefinition/sequence-phase-relationship]]}
","Observations","[Observations](https://hl7.org/fhir/observation.html)  that are part of this diagnostic report.","Observations can contain observations.","Need to support individual results, or  groups of results, where the result grouping is arbitrary, but meaningful.","","","","","","","",,,,,"",,,,"DiagnosticReport.result",0,*,"","ele-1:All FHIR elements must have a @value or children {hasValue() or (children().count() > id.count())}
","OBXs","outboundRelationship[typeCode=COMP].target"
"DiagnosticReport.result:region-studied","DiagnosticReport.result","region-studied","Data
Atomic ValueResultAtomic resultDataTestAnalyteBatteryOrganizer","",0,*,"","","","Reference {[]} {[CanonicalType[http://hl7.org/fhir/uv/genomics-reporting/StructureDefinition/region-studied]]}
","Region Studied","[Observations](https://hl7.org/fhir/observation.html)  that are part of this diagnostic report.","Observations can contain observations.","Need to support individual results, or  groups of results, where the result grouping is arbitrary, but meaningful.","","","","","","","",,,,,"",,,,"DiagnosticReport.result",0,*,"","ele-1:All FHIR elements must have a @value or children {hasValue() or (children().count() > id.count())}
","TBD","OBXs","outboundRelationship[typeCode=COMP].target"
"DiagnosticReport.imagingStudy","DiagnosticReport.imagingStudy","","","",0,0,"","","","Reference {[]} {[CanonicalType[http://hl7.org/fhir/StructureDefinition/ImagingStudy]]}
","Reference to full details of imaging associated with the diagnostic report","One or more links to full details of any imaging performed during the diagnostic investigation. Typically, this is imaging performed by DICOM enabled modalities, but this is not required. A fully enabled PACS viewer can use this information to provide views of the source images.","ImagingStudy and the image element are somewhat overlapping - typically, the list of image references in the image element will also be found in one of the imaging study resources. However, each caters to different types of displays for different types of purposes. Neither, either, or both may be provided.","","","","","","","","",,,,,"",,,,"DiagnosticReport.imagingStudy",0,*,"","ele-1:All FHIR elements must have a @value or children {hasValue() or (children().count() > id.count())}
","outboundRelationship[typeCode=COMP].target[classsCode=DGIMG, moodCode=EVN]"
"DiagnosticReport.media","DiagnosticReport.media","","DICOM
SlidesScans","",0,1,"","","Y","BackboneElement {[]} {[]}
","Key images associated with this report","A list of key images associated with this report. The images are generally created during the diagnostic process, and may be directly of the patient, or of treated specimens (i.e. slides of interest).","This might be used to convey cytogenetic-related images.","Many diagnostic services include images in the report as part of their service.","","","","","","","",,,,,"",,,,"DiagnosticReport.media",0,*,"","ele-1:All FHIR elements must have a @value or children {hasValue() or (children().count() > id.count())}
","OBX?","outboundRelationship[typeCode=COMP].target"
"DiagnosticReport.media.id","DiagnosticReport.media.id","","","",0,1,"","","","string {[]} {[]}
","Unique id for inter-element referencing","Unique id for the element within a resource (for internal references). This may be any string value that does not contain spaces.","","","","","","","","","",,,,,"",,,,"Element.id",0,1,"","","n/a"
"DiagnosticReport.media.extension","DiagnosticReport.media.extension","","extensions
user content","",0,*,"","","","Extension {[]} {[]}
","Additional content defined by implementations","May be used to represent additional information that is not part of the basic definition of the element. To make the use of extensions safe and manageable, there is a strict set of governance  applied to the definition and use of extensions. Though any implementer can define an extension, there is a set of requirements that SHALL be met as part of the definition of the extension.","There can be no stigma associated with the use of extensions by any application, project, or standard - regardless of the institution or jurisdiction that uses or defines the extensions.  The use of extensions is what allows the FHIR specification to retain a core level of simplicity for everyone.","","","","","","","","",,,,,"",,,,"Element.extension",0,*,"","ele-1:All FHIR elements must have a @value or children {hasValue() or (children().count() > id.count())}
ext-1:Must have either extensions or value[x], not both {extension.exists() != value.exists()}","n/a"
"DiagnosticReport.media.modifierExtension","DiagnosticReport.media.modifierExtension","","extensions
user contentmodifiers","",0,*,"","Y","Y","Extension {[]} {[]}
","Extensions that cannot be ignored even if unrecognized","May be used to represent additional information that is not part of the basic definition of the element and that modifies the understanding of the element in which it is contained and/or the understanding of the containing element's descendants. Usually modifier elements provide negation or qualification. To make the use of extensions safe and manageable, there is a strict set of governance applied to the definition and use of extensions. Though any implementer can define an extension, there is a set of requirements that SHALL be met as part of the definition of the extension. Applications processing a resource are required to check for modifier extensions.

Modifier extensions SHALL NOT change the meaning of any elements on Resource or DomainResource (including cannot change the meaning of modifierExtension itself).","There can be no stigma associated with the use of extensions by any application, project, or standard - regardless of the institution or jurisdiction that uses or defines the extensions.  The use of extensions is what allows the FHIR specification to retain a core level of simplicity for everyone.","Modifier extensions allow for extensions that *cannot* be safely ignored to be clearly distinguished from the vast majority of extensions which can be safely ignored.  This promotes interoperability by eliminating the need for implementers to prohibit the presence of extensions. For further information, see the [definition of modifier extensions](https://hl7.org/fhir/extensibility.html#modifierExtension).","","","","","","","",,,,,"",,,,"BackboneElement.modifierExtension",0,*,"","ele-1:All FHIR elements must have a @value or children {hasValue() or (children().count() > id.count())}
ext-1:Must have either extensions or value[x], not both {extension.exists() != value.exists()}","N/A"
"DiagnosticReport.media.comment","DiagnosticReport.media.comment","","","",0,1,"","","","string {[]} {[]}
","Comment about the image (e.g. explanation)","A comment about the image. Typically, this is used to provide an explanation for why the image is included, or to draw the viewer's attention to important features.","The comment should be displayed with the image. It would be common for the report to include additional discussion of the image contents in other sections such as the conclusion.","The provider of the report should make a comment about each image included in the report.","","","","","","","",,,,,"",,,,"DiagnosticReport.media.comment",0,1,"","ele-1:All FHIR elements must have a @value or children {hasValue() or (children().count() > id.count())}
",".inboundRelationship[typeCode=COMP].source[classCode=OBS, moodCode=EVN, code=""annotation""].value"
"DiagnosticReport.media.link","DiagnosticReport.media.link","","","",1,1,"","","Y","Reference {[]} {[CanonicalType[http://hl7.org/fhir/StructureDefinition/Media]]}
","Reference to the image source","Reference to the image source.","","","","","","","","","",,,,,"",,,,"DiagnosticReport.media.link",1,1,"","ele-1:All FHIR elements must have a @value or children {hasValue() or (children().count() > id.count())}
",".value.reference"
"DiagnosticReport.conclusion","DiagnosticReport.conclusion","","Report
","",0,1,"","","","string {[]} {[]}
","Clinical conclusion (interpretation) of test results","Concise and clinically contextualized summary conclusion (interpretation/impression) of the diagnostic report.","","Need to be able to provide a conclusion that is not lost among the basic result data.","","","","","","","",,,,,"",,,,"DiagnosticReport.conclusion",0,1,"","ele-1:All FHIR elements must have a @value or children {hasValue() or (children().count() > id.count())}
","OBX","inboundRelationship[typeCode=""SPRT""].source[classCode=OBS, moodCode=EVN, code=LOINC:48767-8].value (type=ST)"
"DiagnosticReport.conclusionCode","DiagnosticReport.conclusionCode","","","",0,*,"","","","CodeableConcept {[]} {[]}
","Codes for the clinical conclusion of test results","One or more codes that represent the summary conclusion (interpretation/impression) of the diagnostic report.","","","","","","","","","",,"example","Diagnosis codes provided as adjuncts to the report.","http://hl7.org/fhir/ValueSet/clinical-findings","",,,,"DiagnosticReport.conclusionCode",0,*,"","ele-1:All FHIR elements must have a @value or children {hasValue() or (children().count() > id.count())}
","OBX","inboundRelationship[typeCode=SPRT].source[classCode=OBS, moodCode=EVN, code=LOINC:54531-9].value (type=CD)"
"DiagnosticReport.presentedForm","DiagnosticReport.presentedForm","","","",0,*,"","","","Attachment {[]} {[]}
","Entire report as issued","Rich text representation of the entire result as issued by the diagnostic service. Multiple formats are allowed but they SHALL be semantically equivalent.","""application/pdf"" is recommended as the most reliable and interoperable in this context.","Gives laboratory the ability to provide its own fully formatted report for clinical fidelity.","","","","","","","",,,,,"",,,,"DiagnosticReport.presentedForm",0,*,"","ele-1:All FHIR elements must have a @value or children {hasValue() or (children().count() > id.count())}
","A.10","OBX","text (type=ED)"
