{
  "resourceType" : "Bundle",
  "id" : "367ba793-5cf6-4e99-b2d8-ebdc46d1505a",
  "meta" : {
    "lastUpdated" : "2022-09-07T17:42:27.482+00:00"
  },
  "type" : "collection",
  "entry" : [{
    "fullUrl" : "https://github.com/phenopackets/core-ig/ValueSet/KaryotypicSex",
    "resource" : {
      "resourceType" : "ValueSet",
      "id" : "KaryotypicSex",
      "text" : {
        "status" : "generated",
        "div" : "<div xmlns=\"http://www.w3.org/1999/xhtml\"><p>This value set contains 11 concepts</p><p style=\"border: black 1px dotted; background-color: #EEEEEE; padding: 8px; margin-bottom: 8px\">Expansion based on <a href=\"CodeSystem-KaryotypicSex.html\">Karyotypic sex code system v0.1.0 (CodeSystem)</a></p><p>All codes in this table are from the system <a href=\"CodeSystem-KaryotypicSex.html\"><code>https://github.com/phenopackets/core-ig/CodeSystem/KaryotypicSex</code></a></p><table class=\"codes\"><tr><td style=\"white-space:nowrap\"><b>Code</b></td><td><b>Display</b></td><td><b>Definition</b></td></tr><tr><td style=\"white-space:nowrap\"><a name=\"https---github.com-phenopackets-core-ig-CodeSystem-KaryotypicSex-UNKNOWN-KARYOTYPE\"> </a>  <a href=\"CodeSystem-KaryotypicSex.html#KaryotypicSex-UNKNOWN_KARYOTYPE\">UNKNOWN_KARYOTYPE</a></td><td>UNKNOWN_KARYOTYPE</td><td>Untyped or inconclusive karyotyping</td></tr><tr><td style=\"white-space:nowrap\"><a name=\"https---github.com-phenopackets-core-ig-CodeSystem-KaryotypicSex-XX\"> </a>  <a href=\"CodeSystem-KaryotypicSex.html#KaryotypicSex-XX\">XX</a></td><td>XX karyotypic sex</td><td>Karyotype with two X chromosomes</td></tr><tr><td style=\"white-space:nowrap\"><a name=\"https---github.com-phenopackets-core-ig-CodeSystem-KaryotypicSex-XY\"> </a>  <a href=\"CodeSystem-KaryotypicSex.html#KaryotypicSex-XY\">XY</a></td><td>XY karyotypic sex</td><td>Karyotype with one X chromosome and one Y chromosome</td></tr><tr><td style=\"white-space:nowrap\"><a name=\"https---github.com-phenopackets-core-ig-CodeSystem-KaryotypicSex-XO\"> </a>  <a href=\"CodeSystem-KaryotypicSex.html#KaryotypicSex-XO\">XO</a></td><td>XO karyotypic sex</td><td>Karyotype with one X chromosome</td></tr><tr><td style=\"white-space:nowrap\"><a name=\"https---github.com-phenopackets-core-ig-CodeSystem-KaryotypicSex-XXY\"> </a>  <a href=\"CodeSystem-KaryotypicSex.html#KaryotypicSex-XXY\">XXY</a></td><td>XXY karyotypic sex</td><td>Karyotype with two X chromosomes and one Y chromosome</td></tr><tr><td style=\"white-space:nowrap\"><a name=\"https---github.com-phenopackets-core-ig-CodeSystem-KaryotypicSex-XXX\"> </a>  <a href=\"CodeSystem-KaryotypicSex.html#KaryotypicSex-XXX\">XXX</a></td><td>XXX karyotypic sex</td><td>Karyotype with three X chromosomes</td></tr><tr><td style=\"white-space:nowrap\"><a name=\"https---github.com-phenopackets-core-ig-CodeSystem-KaryotypicSex-XXYY\"> </a>  <a href=\"CodeSystem-KaryotypicSex.html#KaryotypicSex-XXYY\">XXYY</a></td><td>XXYY karyotypic sex</td><td>Karyotype with two X chromosomes and two Y chromosomes</td></tr><tr><td style=\"white-space:nowrap\"><a name=\"https---github.com-phenopackets-core-ig-CodeSystem-KaryotypicSex-XXXY\"> </a>  <a href=\"CodeSystem-KaryotypicSex.html#KaryotypicSex-XXXY\">XXXY</a></td><td>XXXY karyotypic sex</td><td>Karyotype with three X chromosomes and one Y chromosome</td></tr><tr><td style=\"white-space:nowrap\"><a name=\"https---github.com-phenopackets-core-ig-CodeSystem-KaryotypicSex-XXXX\"> </a>  <a href=\"CodeSystem-KaryotypicSex.html#KaryotypicSex-XXXX\">XXXX</a></td><td>XXXX karyotypic sex</td><td>Karyotype with four X chromosomes</td></tr><tr><td style=\"white-space:nowrap\"><a name=\"https---github.com-phenopackets-core-ig-CodeSystem-KaryotypicSex-XYY\"> </a>  <a href=\"CodeSystem-KaryotypicSex.html#KaryotypicSex-XYY\">XYY</a></td><td>XYY karyotypic sex</td><td>Karyotype with one X chromosome and two Y chromosomes</td></tr><tr><td style=\"white-space:nowrap\"><a name=\"https---github.com-phenopackets-core-ig-CodeSystem-KaryotypicSex-OTHER-KARYOTYPE\"> </a>  <a href=\"CodeSystem-KaryotypicSex.html#KaryotypicSex-OTHER_KARYOTYPE\">OTHER_KARYOTYPE</a></td><td>Other karyotype</td><td>Karyotype with sex chromosomes other than XX,XY,X0,XXY,XXX,XXYY,XXXY,XXXX, or XYY</td></tr></table></div>"
      },
      "url" : "https://github.com/phenopackets/core-ig/ValueSet/KaryotypicSex",
      "version" : "0.1.0",
      "name" : "KaryotypicSex",
      "title" : "Karyotypic sex value set",
      "status" : "active",
      "date" : "2021-05-28T17:06:00-04:00",
      "publisher" : "Global Alliance for Genomics and Health - Clinical and Phenotypic Data Capture Work Stream",
      "contact" : [{
        "name" : "Global Alliance for Genomics and Health - Clinical and Phenotypic Data Capture Work Stream",
        "telecom" : [{
          "system" : "url",
          "value" : "https://www.ga4gh.org/work_stream/clinical-phenotypic-data-capture-2/"
        }]
      }],
      "description" : "The karyotypic (chromosomal) sex of an individual",
      "jurisdiction" : [{
        "coding" : [{
          "system" : "urn:iso:std:iso:3166",
          "code" : "US"
        }]
      }],
      "copyright" : "[Global Alliance for Genomics and Health](https://www.ga4gh.org)",
      "expansion" : {
        "identifier" : "urn:uuid:e203c9ca-e1e3-4449-8f97-6c60d89e9d49",
        "timestamp" : "2022-09-07T17:43:20+00:00",
        "total" : 11,
        "parameter" : [{
          "name" : "excludeNested",
          "valueBoolean" : false
        },
        {
          "name" : "version",
          "valueUri" : "https://github.com/phenopackets/core-ig/CodeSystem/KaryotypicSex|0.1.0"
        }],
        "contains" : [{
          "system" : "https://github.com/phenopackets/core-ig/CodeSystem/KaryotypicSex",
          "code" : "UNKNOWN_KARYOTYPE",
          "display" : "UNKNOWN_KARYOTYPE"
        },
        {
          "system" : "https://github.com/phenopackets/core-ig/CodeSystem/KaryotypicSex",
          "code" : "XX",
          "display" : "XX karyotypic sex"
        },
        {
          "system" : "https://github.com/phenopackets/core-ig/CodeSystem/KaryotypicSex",
          "code" : "XY",
          "display" : "XY karyotypic sex"
        },
        {
          "system" : "https://github.com/phenopackets/core-ig/CodeSystem/KaryotypicSex",
          "code" : "XO",
          "display" : "XO karyotypic sex"
        },
        {
          "system" : "https://github.com/phenopackets/core-ig/CodeSystem/KaryotypicSex",
          "code" : "XXY",
          "display" : "XXY karyotypic sex"
        },
        {
          "system" : "https://github.com/phenopackets/core-ig/CodeSystem/KaryotypicSex",
          "code" : "XXX",
          "display" : "XXX karyotypic sex"
        },
        {
          "system" : "https://github.com/phenopackets/core-ig/CodeSystem/KaryotypicSex",
          "code" : "XXYY",
          "display" : "XXYY karyotypic sex"
        },
        {
          "system" : "https://github.com/phenopackets/core-ig/CodeSystem/KaryotypicSex",
          "code" : "XXXY",
          "display" : "XXXY karyotypic sex"
        },
        {
          "system" : "https://github.com/phenopackets/core-ig/CodeSystem/KaryotypicSex",
          "code" : "XXXX",
          "display" : "XXXX karyotypic sex"
        },
        {
          "system" : "https://github.com/phenopackets/core-ig/CodeSystem/KaryotypicSex",
          "code" : "XYY",
          "display" : "XYY karyotypic sex"
        },
        {
          "system" : "https://github.com/phenopackets/core-ig/CodeSystem/KaryotypicSex",
          "code" : "OTHER_KARYOTYPE",
          "display" : "Other karyotype"
        }]
      }
    }
  },
  {
    "fullUrl" : "https://github.com/phenopackets/core-ig/ValueSet/phenotypicFeatureVS",
    "resource" : {
      "resourceType" : "ValueSet",
      "id" : "phenotypicFeatureVS",
      "text" : {
        "status" : "generated",
        "div" : "<div xmlns=\"http://www.w3.org/1999/xhtml\"><p>This value set contains 2 concepts</p><p style=\"border: black 1px dotted; background-color: #EEEEEE; padding: 8px; margin-bottom: 8px\">Expansion based on Loinc v2.73</p><p>All codes in this table are from the system <a href=\"http://terminology.hl7.org/3.1.0/CodeSystem-v3-loinc.html\"><code>http://loinc.org</code></a></p><table class=\"codes\"><tr><td style=\"white-space:nowrap\"><b>Code</b></td><td><b>Display</b></td></tr><tr><td style=\"white-space:nowrap\"><a name=\"http---loinc.org-LA9633-4\"> </a>  <a href=\"http://details.loinc.org/LOINC/LA9633-4.html\">LA9633-4</a></td><td>Present</td></tr><tr><td style=\"white-space:nowrap\"><a name=\"http---loinc.org-LA9634-2\"> </a>  <a href=\"http://details.loinc.org/LOINC/LA9634-2.html\">LA9634-2</a></td><td>Absent</td></tr></table></div>"
      },
      "url" : "https://github.com/phenopackets/core-ig/ValueSet/phenotypicFeatureVS",
      "version" : "0.1.0",
      "name" : "PhenotypicFeatureStatusValueSet",
      "title" : "Observation Codes for status of a PhenotypicFeature",
      "status" : "active",
      "date" : "2022-09-07T17:42:27+00:00",
      "publisher" : "Global Alliance for Genomics and Health - Clinical and Phenotypic Data Capture Work Stream",
      "contact" : [{
        "name" : "Global Alliance for Genomics and Health - Clinical and Phenotypic Data Capture Work Stream",
        "telecom" : [{
          "system" : "url",
          "value" : "https://www.ga4gh.org/work_stream/clinical-phenotypic-data-capture-2/"
        }]
      }],
      "description" : "The LOINC codes for present if a feature is observed and absent if a feature was excluded.",
      "jurisdiction" : [{
        "coding" : [{
          "system" : "urn:iso:std:iso:3166",
          "code" : "US"
        }]
      }],
      "copyright" : "This material contains content from LOINC (http://loinc.org). LOINC is copyright © 1995-2020, Regenstrief Institute, Inc. and the Logical Observation Identifiers Names and Codes (LOINC) Committee and is available at no cost under the license at http://loinc.org/license. LOINC® is a registered United States trademark of Regenstrief Institute, Inc",
      "expansion" : {
        "identifier" : "urn:uuid:420edccf-8ea5-4e17-8e32-b1856971df40",
        "timestamp" : "2022-09-07T17:43:36+00:00",
        "total" : 2,
        "parameter" : [{
          "name" : "excludeNested",
          "valueBoolean" : false
        },
        {
          "name" : "limitedExpansion",
          "valueBoolean" : true
        },
        {
          "name" : "version",
          "valueUri" : "http://loinc.org|2.73"
        }],
        "contains" : [{
          "system" : "http://loinc.org",
          "code" : "LA9633-4",
          "display" : "Present"
        },
        {
          "system" : "http://loinc.org",
          "code" : "LA9634-2",
          "display" : "Absent"
        }]
      }
    }
  },
  {
    "fullUrl" : "https://github.com/phenopackets/core-ig/ValueSet/observation-categories",
    "resource" : {
      "resourceType" : "ValueSet",
      "id" : "observation-categories",
      "text" : {
        "status" : "generated",
        "div" : "<div xmlns=\"http://www.w3.org/1999/xhtml\"><p>This value set contains 10 concepts</p><div style=\"border: black 1px dotted; background-color: #EEEEEE; padding: 8px; margin-bottom: 8px\"><p>Expansion based on: </p><ul><li><a href=\"CodeSystem-categories.html\">Categories v0.1.0 (CodeSystem)</a></li><li><a href=\"http://terminology.hl7.org/3.1.0/CodeSystem-observation-category.html\">Observation Category Codes v0.1.0 (CodeSystem)</a></li><li><a href=\"http://hl7.org/fhir/R4/valueset-observation-category.html\">Observation Category Codes v4.0.1 (ValueSet)</a></li></ul></div><table class=\"codes\"><tr><td style=\"white-space:nowrap\"><b>Code</b></td><td><b>System</b></td><td><b>Display</b></td><td><b>Definition</b></td></tr><tr><td style=\"white-space:nowrap\"><a name=\"http---terminology.hl7.org-CodeSystem-observation-category-social-history\"> </a>  <a href=\"http://terminology.hl7.org/3.1.0/CodeSystem-observation-category.html#observation-category-social-history\">social-history</a></td><td>http://terminology.hl7.org/CodeSystem/observation-category</td><td>Social History</td><td>Social History Observations define the patient's occupational, personal (e.g., lifestyle), social, familial, and environmental history and health risk factors that may impact the patient's health.</td></tr><tr><td style=\"white-space:nowrap\"><a name=\"http---terminology.hl7.org-CodeSystem-observation-category-vital-signs\"> </a>  <a href=\"http://terminology.hl7.org/3.1.0/CodeSystem-observation-category.html#observation-category-vital-signs\">vital-signs</a></td><td>http://terminology.hl7.org/CodeSystem/observation-category</td><td>Vital Signs</td><td>Clinical observations measure the body's basic functions such as blood pressure, heart rate, respiratory rate, height, weight, body mass index, head circumference, pulse oximetry, temperature, and body surface area.</td></tr><tr><td style=\"white-space:nowrap\"><a name=\"http---terminology.hl7.org-CodeSystem-observation-category-imaging\"> </a>  <a href=\"http://terminology.hl7.org/3.1.0/CodeSystem-observation-category.html#observation-category-imaging\">imaging</a></td><td>http://terminology.hl7.org/CodeSystem/observation-category</td><td>Imaging</td><td>Observations generated by imaging. The scope includes observations regarding plain x-ray, ultrasound, CT, MRI, angiography, echocardiography, and nuclear medicine.</td></tr><tr><td style=\"white-space:nowrap\"><a name=\"http---terminology.hl7.org-CodeSystem-observation-category-laboratory\"> </a>  <a href=\"http://terminology.hl7.org/3.1.0/CodeSystem-observation-category.html#observation-category-laboratory\">laboratory</a></td><td>http://terminology.hl7.org/CodeSystem/observation-category</td><td>Laboratory</td><td>The results of observations generated by laboratories.  Laboratory results are typically generated by laboratories providing analytic services in areas such as chemistry, hematology, serology, histology, cytology, anatomic pathology (including digital pathology), microbiology, and/or virology. These observations are based on analysis of specimens obtained from the patient and submitted to the laboratory.</td></tr><tr><td style=\"white-space:nowrap\"><a name=\"http---terminology.hl7.org-CodeSystem-observation-category-procedure\"> </a>  <a href=\"http://terminology.hl7.org/3.1.0/CodeSystem-observation-category.html#observation-category-procedure\">procedure</a></td><td>http://terminology.hl7.org/CodeSystem/observation-category</td><td>Procedure</td><td>Observations generated by other procedures.  This category includes observations resulting from interventional and non-interventional procedures excluding laboratory and imaging (e.g., cardiology catheterization, endoscopy, electrodiagnostics, etc.).  Procedure results are typically generated by a clinician to provide more granular information about component observations made during a procedure.  An example would be when a gastroenterologist reports the size of a polyp observed during a colonoscopy.</td></tr><tr><td style=\"white-space:nowrap\"><a name=\"http---terminology.hl7.org-CodeSystem-observation-category-survey\"> </a>  <a href=\"http://terminology.hl7.org/3.1.0/CodeSystem-observation-category.html#observation-category-survey\">survey</a></td><td>http://terminology.hl7.org/CodeSystem/observation-category</td><td>Survey</td><td>Assessment tool/survey instrument observations (e.g., Apgar Scores, Montreal Cognitive Assessment (MoCA)).</td></tr><tr><td style=\"white-space:nowrap\"><a name=\"http---terminology.hl7.org-CodeSystem-observation-category-exam\"> </a>  <a href=\"http://terminology.hl7.org/3.1.0/CodeSystem-observation-category.html#observation-category-exam\">exam</a></td><td>http://terminology.hl7.org/CodeSystem/observation-category</td><td>Exam</td><td>Observations generated by physical exam findings including direct observations made by a clinician and use of simple instruments and the result of simple maneuvers performed directly on the patient's body.</td></tr><tr><td style=\"white-space:nowrap\"><a name=\"http---terminology.hl7.org-CodeSystem-observation-category-therapy\"> </a>  <a href=\"http://terminology.hl7.org/3.1.0/CodeSystem-observation-category.html#observation-category-therapy\">therapy</a></td><td>http://terminology.hl7.org/CodeSystem/observation-category</td><td>Therapy</td><td>Observations generated by non-interventional treatment protocols (e.g. occupational, physical, radiation, nutritional and medication therapy)</td></tr><tr><td style=\"white-space:nowrap\"><a name=\"http---terminology.hl7.org-CodeSystem-observation-category-activity\"> </a>  <a href=\"http://terminology.hl7.org/3.1.0/CodeSystem-observation-category.html#observation-category-activity\">activity</a></td><td>http://terminology.hl7.org/CodeSystem/observation-category</td><td>Activity</td><td>Observations that measure or record any bodily activity that enhances or maintains physical fitness and overall health and wellness.  Not under direct supervision of practitioner such as a physical therapist. (e.g., laps swum, steps, sleep data)</td></tr><tr><td style=\"white-space:nowrap\"><a name=\"https---github.com-phenopackets-core-ig-CodeSystem-categories-phenotype\"> </a>  <a href=\"CodeSystem-categories.html#categories-phenotype\">phenotype</a></td><td>https://github.com/phenopackets/core-ig/CodeSystem/categories</td><td>Phenotype</td><td/></tr></table></div>"
      },
      "url" : "https://github.com/phenopackets/core-ig/ValueSet/observation-categories",
      "version" : "0.1.0",
      "name" : "ObservationCategories",
      "title" : "Observation categories",
      "status" : "draft",
      "date" : "2022-09-07T17:42:27+00:00",
      "publisher" : "Global Alliance for Genomics and Health - Clinical and Phenotypic Data Capture Work Stream",
      "contact" : [{
        "name" : "Global Alliance for Genomics and Health - Clinical and Phenotypic Data Capture Work Stream",
        "telecom" : [{
          "system" : "url",
          "value" : "https://www.ga4gh.org/work_stream/clinical-phenotypic-data-capture-2/"
        }]
      }],
      "description" : "ValueSet description here",
      "jurisdiction" : [{
        "coding" : [{
          "system" : "urn:iso:std:iso:3166",
          "code" : "US"
        }]
      }],
      "copyright" : "[Global Alliance for Genomics and Health](https://www.ga4gh.org)",
      "expansion" : {
        "identifier" : "urn:uuid:8acea6cc-211a-46d9-99a0-c2f928351be5",
        "timestamp" : "2022-09-07T17:43:51+00:00",
        "total" : 10,
        "parameter" : [{
          "name" : "excludeNested",
          "valueBoolean" : false
        },
        {
          "name" : "version",
          "valueUri" : "http://hl7.org/fhir/ValueSet/observation-category|4.0.1"
        },
        {
          "name" : "version",
          "valueUri" : "http://terminology.hl7.org/CodeSystem/observation-category|0.1.0"
        },
        {
          "name" : "version",
          "valueUri" : "https://github.com/phenopackets/core-ig/CodeSystem/categories|0.1.0"
        }],
        "contains" : [{
          "system" : "http://terminology.hl7.org/CodeSystem/observation-category",
          "code" : "social-history",
          "display" : "Social History"
        },
        {
          "system" : "http://terminology.hl7.org/CodeSystem/observation-category",
          "code" : "vital-signs",
          "display" : "Vital Signs"
        },
        {
          "system" : "http://terminology.hl7.org/CodeSystem/observation-category",
          "code" : "imaging",
          "display" : "Imaging"
        },
        {
          "system" : "http://terminology.hl7.org/CodeSystem/observation-category",
          "code" : "laboratory",
          "display" : "Laboratory"
        },
        {
          "system" : "http://terminology.hl7.org/CodeSystem/observation-category",
          "code" : "procedure",
          "display" : "Procedure"
        },
        {
          "system" : "http://terminology.hl7.org/CodeSystem/observation-category",
          "code" : "survey",
          "display" : "Survey"
        },
        {
          "system" : "http://terminology.hl7.org/CodeSystem/observation-category",
          "code" : "exam",
          "display" : "Exam"
        },
        {
          "system" : "http://terminology.hl7.org/CodeSystem/observation-category",
          "code" : "therapy",
          "display" : "Therapy"
        },
        {
          "system" : "http://terminology.hl7.org/CodeSystem/observation-category",
          "code" : "activity",
          "display" : "Activity"
        },
        {
          "system" : "https://github.com/phenopackets/core-ig/CodeSystem/categories",
          "code" : "phenotype",
          "display" : "Phenotype"
        }]
      }
    }
  }]
}