<?xml version="1.0" encoding="UTF-8"?>

<Bundle xmlns="http://hl7.org/fhir">
  <id value="ptb-1"/>
  <type value="document"/>
  <entry>
    <resource>
      <Composition>
        <id value="DevelopmentalDelay"/>
        <meta>
          <profile value="https://github.com/phenopackets/core-ig/StructureDefinition/Phenopacket"/>
        </meta>
        <text>
          <status value="generated"/><div xmlns="http://www.w3.org/1999/xhtml">
            <p>
              <b>Generated Narrative</b>
            </p>
            <div style="display: inline-block; background-color: #d9e0e7; padding: 6px; margin: 4px; border: 1px solid #8da1b4; border-radius: 5px; line-height: 60%">
              <p style="margin-bottom: 0px">Resource &quot;DevelopmentalDelay&quot; </p>
              <p style="margin-bottom: 0px">
                Profile:
                <a href="StructureDefinition-Phenopacket.html">Phenopacket profile</a>
              </p>
            </div>
            <p>
              <b>identifier</b>
              : id: id.treatment.1
            </p>
            <p>
              <b>status</b>
              : preliminary
            </p>
            <p>
              <b>type</b>
              : Physician Episode of care medical records
              <span style="background: LightGoldenRodYellow; margin: 4px; border: 1px solid khaki">
                (
                <a href="https://loinc.org/">LOINC</a>
                #11516-2)
              </span>
            </p>
            <p>
              <b>date</b>
              : 2018-03-16
            </p>
            <p>
              <b>author</b>
              :
              <a href="Practitioner-PeterGeneticist.html">Practitioner/PeterGeneticist</a>
              &quot; GENETICIST&quot;
            </p>
            <p>
              <b>title</b>
              : Phenopacket (static snapshot of clinical findings to support differential diagnosis of a child with developmental delay).
            </p>
          </div>
        </text>
        <identifier>
          <value value="id.treatment.1"/>
        </identifier>
        <status value="preliminary"/>
        <type>
          <coding>
            <system value="http://loinc.org"/>
            <code value="11516-2"/>
            <display value="Physician Episode of care medical records"/>
          </coding>
        </type>
        <subject>
          <reference value="Patient/Proband1"/>
        </subject>
        <date value="2018-03-16"/>
        <author>
          <reference value="Practitioner/PeterGeneticist"/>
        </author>
        <title value="Phenopacket (static snapshot of clinical findings to support differential diagnosis of a child with developmental delay)."/>
      <!--  <entry>
            <reference value="Observation/hp.0000568" />
          </entry>
          <entry>
            <reference value="Observation/hp.0000541" />
          </entry>
          <entry>
            <reference value="Observation/hp.0001669" />
          </entry>
          <entry>
            <reference value="Observation/hp.0007663" />
          </entry>
          <entry>
            <reference value="Observation/hp.0000369" />
          </entry>
          <entry>
            <reference value="Observation/hp.0001263" />
          </entry>
          <entry>
            <reference value="Observation/hp.0001324" />
          </entry>
          <entry>
            <reference value="Observation/hp.0001252" />
          </entry>
          <entry>
            <reference value="Observation/hp.0003202" />
          </entry>
          <entry>
            <reference value="Observation/hp.0003557" />
          </entry>  -->
        <section>
          <code>
            <coding>
              <system value="http://ga4gh.org/fhir/phenopackets/CodeSystem/SectionType"/>
              <code value="phenotypic_features"/>
            </coding>
          </code>
          <entry>
            <reference value="Observation/hp.0000343"/>
          </entry>
        </section>
        <section>
          <code>
            <coding>
              <system value="http://ga4gh.org/fhir/phenopackets/CodeSystem/SectionType"/>
              <code value="biosamples"/>
            </coding>
          </code>
          <entry>
            <reference value="Specimen/biosample.specimen.id.2"/>
          </entry>
        </section>
        <section>
          <code>
            <coding>
              <system value="http://ga4gh.org/fhir/phenopackets/CodeSystem/SectionType"/>
              <code value="diseases"/>
            </coding>
          </code>
          <entry>
            <reference value="Condition/id.disease.intellectualDisability"/>
          </entry>
        </section>
      </Composition>
    </resource>
  </entry>
</Bundle>