{
  "resourceType" : "ValueSet",
  "id" : "KaryotypicSex",
  "text" : {
    "status" : "generated",
    "div" : "<div xmlns=\"http://www.w3.org/1999/xhtml\"><ul><li>Include all codes defined in <a href=\"CodeSystem-KaryotypicSex.html\"><code>https://github.com/phenopackets/core-ig/CodeSystem/KaryotypicSex</code></a></li></ul></div>"
  },
  "url" : "https://github.com/phenopackets/core-ig/ValueSet/KaryotypicSex",
  "version" : "0.1.0",
  "name" : "KaryotypicSex",
  "title" : "Karyotypic sex value set",
  "status" : "active",
  "date" : "2021-05-28T17:06:00-04:00",
  "publisher" : "Global Alliance for Genomics and Health - Clinical and Phenotypic Data Capture Work Stream",
  "contact" : [{
    "name" : "Global Alliance for Genomics and Health - Clinical and Phenotypic Data Capture Work Stream",
    "telecom" : [{
      "system" : "url",
      "value" : "https://www.ga4gh.org/work_stream/clinical-phenotypic-data-capture-2/"
    }]
  }],
  "description" : "The karyotypic (chromosomal) sex of an individual",
  "jurisdiction" : [{
    "coding" : [{
      "system" : "urn:iso:std:iso:3166",
      "code" : "US"
    }]
  }],
  "copyright" : "[Global Alliance for Genomics and Health](https://www.ga4gh.org)",
  "compose" : {
    "include" : [{
      "system" : "https://github.com/phenopackets/core-ig/CodeSystem/KaryotypicSex"
    }]
  }
}