{
  "resourceType" : "ValueSet",
  "id" : "e6422df4-4a94-46a1-9086-8cab1a130064-87",
  "url" : "http://hl7.org/fhir/comparison/ValueSet/e6422df4-4a94-46a1-9086-8cab1a130064-87",
  "name" : "IntersectionUSCoreObservationSmokingStatusStatusAndObservationStatus",
  "title" : "Intersection of US Core Status for Smoking Status Observation And ObservationStatus",
  "status" : "active",
  "date" : "2023-01-26T17:53:29+00:00",
  "expansion" : {
    "contains" : [{
      "system" : "http://hl7.org/fhir/observation-status",
      "code" : "final",
      "display" : "Final"
    },
    {
      "system" : "http://hl7.org/fhir/observation-status",
      "code" : "entered-in-error",
      "display" : "Entered in Error"
    }]
  }
}