{
  "resourceType": "Composition",
  "id": "DevelopmentalDelay",
  "meta": {
    "profile": [
      "https://github.com/phenopackets/core-ig/StructureDefinition/Phenopacket"
    ]
  },
  "text": {
    "status": "generated",
    "div": "<div xmlns=\"http://www.w3.org/1999/xhtml\"><p><b>Generated Narrative: Composition</b></p><div style=\"display: inline-block; background-color: #d9e0e7; padding: 6px; margin: 4px; border: 1px solid #8da1b4; border-radius: 5px; line-height: 60%\"><p style=\"margin-bottom: 0px\">Resource Composition \"DevelopmentalDelay\" </p><p style=\"margin-bottom: 0px\">Profile: <a href=\"StructureDefinition-Phenopacket.html\">Phenopacket profile</a></p></div><p><b>identifier</b>: id: id.treatment.1</p><p><b>status</b>: preliminary</p><p><b>type</b>: Physician Episode of care medical records <span style=\"background: LightGoldenRodYellow; margin: 4px; border: 1px solid khaki\"> (<a href=\"https://loinc.org/\">LOINC</a>#11516-2)</span></p><p><b>date</b>: 2018-03-16</p><p><b>author</b>: <a href=\"Practitioner-PeterGeneticist.html\">Practitioner/PeterGeneticist</a> \" GENETICIST\"</p><p><b>title</b>: Phenopacket (static snapshot of clinical findings to support differential diagnosis of a child with developmental delay).</p></div>"
  },
  "identifier": {
    "value": "id.treatment.1"
  },
  "status": "preliminary",
  "type": {
    "coding": [
      {
        "system": "http://loinc.org",
        "code": "11516-2",
        "display": "Physician Episode of care medical records"
      }
    ]
  },
  "subject": {
    "reference": "Patient/Proband1"
  },
  "date": "2018-03-16",
  "author": [
    {
      "reference": "Practitioner/PeterGeneticist"
    }
  ],
  "title": "Phenopacket (static snapshot of clinical findings to support differential diagnosis of a child with developmental delay).",
  "section": [
    {
      "code": {
        "coding": [
          {
            "system": "http://ga4gh.org/fhir/phenopackets/CodeSystem/SectionType",
            "code": "phenotypic_features"
          }
        ]
      },
      "entry": [
        {
          "reference": "Observation/hp.0000343"
        },
        {
          "reference": "Observation/hp.0000568"
        },
        {
          "reference": "Observation/hp.0000541"
        },
        {
          "reference": "Observation/hp.0001669"
        },
        {
          "reference": "Observation/hp.0007663"
        },
        {
          "reference": "Observation/hp.0000369"
        },
        {
          "reference": "Observation/hp.0001263"
        },
        {
          "reference": "Observation/hp.0001324"
        },
        {
          "reference": "Observation/hp.0001252"
        },
        {
          "reference": "Observation/hp.0003202"
        },
        {
          "reference": "Observation/hp.0003557"
        }
      ]
    },
    {
      "code": {
        "coding": [
          {
            "system": "http://ga4gh.org/fhir/phenopackets/CodeSystem/SectionType",
            "code": "biosamples"
          }
        ]
      },
      "entry": [
        {
          "reference": "Specimen/biosample.specimen.id.2"
        }
      ]
    },
    {
      "code": {
        "coding": [
          {
            "system": "http://ga4gh.org/fhir/phenopackets/CodeSystem/SectionType",
            "code": "diseases"
          }
        ]
      },
      "entry": [
        {
          "reference": "Condition/id.disease.intellectualDisability"
        }
      ]
    }
  ]
}