{
  "resourceType": "Condition",
  "id": "id.disease.3",
  "meta": {
    "profile": [
      "https://github.com/phenopackets/core-ig/StructureDefinition/Disease"
    ]
  },
  "text": {
    "status": "generated",
    "div": "<div xmlns=\"http://www.w3.org/1999/xhtml\"><p><b>Generated Narrative: Condition</b></p><div style=\"display: inline-block; background-color: #d9e0e7; padding: 6px; margin: 4px; border: 1px solid #8da1b4; border-radius: 5px; line-height: 60%\"><p style=\"margin-bottom: 0px\">Resource Condition \"id.disease.3\" </p><p style=\"margin-bottom: 0px\">Profile: <a href=\"StructureDefinition-Disease.html\">Disease profile</a></p></div><p><b>clinicalStatus</b>: Active <span style=\"background: LightGoldenRodYellow; margin: 4px; border: 1px solid khaki\"> (<a href=\"http://terminology.hl7.org/3.1.0/CodeSystem-condition-clinical.html\">Condition Clinical Status Codes</a>#active)</span></p><p><b>code</b>: congestive heart failure <span style=\"background: LightGoldenRodYellow; margin: 4px; border: 1px solid khaki\"> (mondo#MONDO_0005009)</span></p><p><b>subject</b>: <a href=\"Patient-example-patient.html\">Patient/example-patient</a> \" ANYPERSON\"</p><h3>Stages</h3><table class=\"grid\"><tr><td>-</td><td><b>Summary</b></td><td><b>Type</b></td></tr><tr><td>*</td><td>moderate heart failure <span style=\"background: LightGoldenRodYellow; margin: 4px; border: 1px solid khaki\"> (efo#EFO:0003148)</span></td><td>Clinical staging <span style=\"background: LightGoldenRodYellow; margin: 4px; border: 1px solid khaki\"> (<a href=\"https://browser.ihtsdotools.org/\">SNOMED CT</a>#260998006)</span></td></tr></table></div>"
  },
  "clinicalStatus": {
    "coding": [
      {
        "system": "http://terminology.hl7.org/CodeSystem/condition-clinical",
        "code": "active",
        "display": "Active"
      }
    ]
  },
  "code": {
    "coding": [
      {
        "system": "http://github.com/monarch-initiative/mondo",
        "code": "MONDO_0005009",
        "display": "congestive heart failure"
      }
    ]
  },
  "subject": {
    "reference": "Patient/example-patient"
  },
  "stage": [
    {
      "summary": {
        "coding": [
          {
            "system": "http://github.com/EBISPOT/efo",
            "code": "EFO:0003148",
            "display": "moderate heart failure"
          }
        ]
      },
      "type": {
        "coding": [
          {
            "system": "http://snomed.info/sct",
            "code": "260998006",
            "display": "Clinical staging"
          }
        ]
      }
    }
  ]
}