{
  "resourceType": "DiagnosticReport",
  "id": "PhenopacketsGenomicInterpretationExample02",
  "meta": {
    "profile": [
      "https://github.com/phenopackets/core-ig/StructureDefinition/phenopackets-genomic-interpretation"
    ]
  },
  "text": {
    "status": "generated",
    "div": "<div xmlns=\"http://www.w3.org/1999/xhtml\"><h2><span title=\"Codes: {http://loinc.org 81247-9}\">Master HL7 genetic variant reporting panel</span> (<span title=\"Codes: {http://terminology.hl7.org/CodeSystem/v2-0074 GE}\">Genetics</span>) </h2><table class=\"grid\"><tr><td>Subject</td><td><b>John Doe </b> unknown, DoB Unknown ( id: 04 (TEMP))</td></tr><tr><td>Identifier:</td><td> id: 02</td></tr></table><p><b>Report Details</b></p><table class=\"grid\"><tr><td><b>Code</b></td><td><b>Value</b></td><td><b>Flags</b></td></tr><tr><td><a href=\"Observation-PhenopacketsVariantExample01.html\"><span title=\"Codes: {http://loinc.org 69548-6}\">Genetic variant assessment</span></a></td><td><span title=\"Codes: {http://loinc.org LA9633-4}\">Present</span></td><td>unknown</td></tr></table><p>A rare genetic form of obesity characterized by morbid obesity, hypertension, type 2 diabetes mellitus and dyslipidemia leading to early coronary disease, myocardial infarction and congestive heart failure. Intellectual disability and decreased sperm counts or azoospermia have also been reported.</p><p><b>Coded Conclusions :</b></p><ul><li><span title=\"Codes: {http://snomed.info/sct 783549006}\">Obesity due to centrosomal protein 19 deficiency (disorder)</span></li></ul></div>"
  },
  "modifierExtension": [
    {
      "url": "https://github.com/phenopackets/core-ig/StructureDefinition/interpretation-status",
      "valueCodeableConcept": {
        "coding": [
          {
            "system": "http://phenopacket-schema.readthedocs.io/en/v2/genomic-interpretation.html#interpretationstatus",
            "code": "0",
            "display": "UNKNOWN_STATUS"
          }
        ]
      }
    }
  ],
  "identifier": [
    {
      "value": "02"
    }
  ],
  "status": "unknown",
  "category": [
    {
      "coding": [
        {
          "system": "http://terminology.hl7.org/CodeSystem/v2-0074",
          "code": "GE",
          "display": "Genetics"
        }
      ]
    }
  ],
  "code": {
    "coding": [
      {
        "system": "http://loinc.org",
        "code": "81247-9"
      }
    ]
  },
  "subject": {
    "reference": "Patient/phenopacketPatientExample01"
  },
  "specimen": [
    {
      "reference": "Specimen/phenopacketSpecimenExample01"
    }
  ],
  "result": [
    {
      "reference": "Observation/PhenopacketsVariantExample01"
    }
  ],
  "conclusion": "A rare genetic form of obesity characterized by morbid obesity, hypertension, type 2 diabetes mellitus and dyslipidemia leading to early coronary disease, myocardial infarction and congestive heart failure. Intellectual disability and decreased sperm counts or azoospermia have also been reported.",
  "conclusionCode": [
    {
      "coding": [
        {
          "system": "http://snomed.info/sct",
          "code": "783549006",
          "display": "Obesity due to centrosomal protein 19 deficiency (disorder)"
        }
      ]
    }
  ]
}