{
  "resourceType": "Observation",
  "id": "id.phenotypicfeature.3",
  "meta": {
    "profile": [
      "https://github.com/phenopackets/core-ig/StructureDefinition/PhenotypicFeature"
    ]
  },
  "text": {
    "status": "generated",
    "div": "<div xmlns=\"http://www.w3.org/1999/xhtml\"><p><b>Generated Narrative: Observation</b></p><div style=\"display: inline-block; background-color: #d9e0e7; padding: 6px; margin: 4px; border: 1px solid #8da1b4; border-radius: 5px; line-height: 60%\"><p style=\"margin-bottom: 0px\">Resource Observation \"id.phenotypicfeature.3\" </p><p style=\"margin-bottom: 0px\">Profile: <a href=\"StructureDefinition-PhenotypicFeature.html\">Phenotypic Feature</a></p></div><p><b>status</b>: final</p><p><b>code</b>: Mitral valve prolapse <span style=\"background: LightGoldenRodYellow; margin: 4px; border: 1px solid khaki\"> (hpo#HP:0001634)</span></p><p><b>subject</b>: <a href=\"Patient-example-patient.html\">Patient/example-patient</a> \" ANYPERSON\"</p><p><b>effective</b>: 2018-03-06</p><p><b>value</b>: Present <span style=\"background: LightGoldenRodYellow; margin: 4px; border: 1px solid khaki\"> (<a href=\"https://loinc.org/\">LOINC</a>#LA9633-4)</span></p></div>"
  },
  "status": "final",
  "code": {
    "coding": [
      {
        "system": "http://github.com/phenopackets/core-ig/CodeSystem/hpo",
        "code": "HP:0001634",
        "display": "Mitral valve prolapse"
      }
    ]
  },
  "subject": {
    "reference": "Patient/example-patient"
  },
  "effectiveDateTime": "2018-03-06",
  "valueCodeableConcept": {
    "coding": [
      {
        "system": "http://loinc.org",
        "code": "LA9633-4",
        "display": "Present"
      }
    ]
  }
}