{
  "resourceType": "Observation",
  "id": "id.measurement.1",
  "meta": {
    "profile": [
      "https://github.com/phenopackets/core-ig/StructureDefinition/Measurement"
    ]
  },
  "text": {
    "status": "generated",
    "div": "<div xmlns=\"http://www.w3.org/1999/xhtml\"><p><b>Generated Narrative: Observation</b></p><div style=\"display: inline-block; background-color: #d9e0e7; padding: 6px; margin: 4px; border: 1px solid #8da1b4; border-radius: 5px; line-height: 60%\"><p style=\"margin-bottom: 0px\">Resource Observation \"id.measurement.1\" </p><p style=\"margin-bottom: 0px\">Profile: <a href=\"StructureDefinition-Measurement.html\">Measurement</a></p></div><p><b>status</b>: final</p><p><b>code</b>: Platelets [#/volume] in Blood <span style=\"background: LightGoldenRodYellow; margin: 4px; border: 1px solid khaki\"> (<a href=\"https://loinc.org/\">LOINC</a>#26515-7)</span></p><p><b>effective</b>: 2018-03-06</p><p><b>value</b>: 20 10^12/L</p><h3>ReferenceRanges</h3><table class=\"grid\"><tr><td>-</td><td><b>Low</b></td><td><b>High</b></td></tr><tr><td>*</td><td>150000 10^12/L</td><td>450000 10^12/L</td></tr></table></div>"
  },
  "status": "final",
  "code": {
    "coding": [
      {
        "system": "http://loinc.org",
        "code": "26515-7",
        "display": "Platelets [#/volume] in Blood"
      }
    ]
  },
  "effectiveDateTime": "2018-03-06",
  "valueQuantity": {
    "value": 20,
    "unit": "10^12/L",
    "system": "http://unitsofmeasure.org"
  },
  "referenceRange": [
    {
      "low": {
        "value": 150000,
        "unit": "10^12/L",
        "system": "http://unitsofmeasure.org"
      },
      "high": {
        "value": 450000,
        "unit": "10^12/L",
        "system": "http://unitsofmeasure.org"
      }
    }
  ]
}