{
  "resourceType": "Observation",
  "id": "karyotypic-sex-invalid-1",
  "text": {
    "status": "generated",
    "div": "<div xmlns=\"http://www.w3.org/1999/xhtml\"><p><b>Generated Narrative: Observation</b></p><div style=\"display: inline-block; background-color: #d9e0e7; padding: 6px; margin: 4px; border: 1px solid #8da1b4; border-radius: 5px; line-height: 60%\"><p style=\"margin-bottom: 0px\">Resource Observation \"karyotypic-sex-invalid-1\" </p></div><p><b>status</b>: final</p><p><b>code</b>: GSSO:000113 <span style=\"background: LightGoldenRodYellow; margin: 4px; border: 1px solid khaki\"> (GSSO#GSSO:000113)</span></p><p><b>value</b>: XXW <span style=\"background: LightGoldenRodYellow; margin: 4px; border: 1px solid khaki\"> (observation-karyotypic-sex#XXW)</span></p></div>"
  },
  "status": "final",
  "code": {
    "coding": [
      {
        "system": "http://purl.obolibrary.org/obo/GSSO",
        "code": "GSSO:000113"
      }
    ]
  },
  "valueCodeableConcept": {
    "coding": [
      {
        "system": "http://github.com/phenopackets/core-ig/CodeSystem/observation-karyotypic-sex",
        "code": "XXW"
      }
    ]
  }
}