{
  "resourceType": "Practitioner",
  "id": "PeterGeneticist",
  "text": {
    "status": "generated",
    "div": "<div xmlns=\"http://www.w3.org/1999/xhtml\"><p><b>Generated Narrative: Practitioner</b></p><div style=\"display: inline-block; background-color: #d9e0e7; padding: 6px; margin: 4px; border: 1px solid #8da1b4; border-radius: 5px; line-height: 60%\"><p style=\"margin-bottom: 0px\">Resource Practitioner \"PeterGeneticist\" </p></div><p><b>identifier</b>: id: practitioner.id1</p><p><b>name</b>: Peter Geneticist </p><p><b>address</b>: 123 Yellow Brick Drive Anytown MA 12345 US (WORK)</p><p><b>gender</b>: male</p><h3>Qualifications</h3><table class=\"grid\"><tr><td>-</td><td><b>Code</b></td></tr><tr><td>*</td><td>Doctor of Medicine <span style=\"background: LightGoldenRodYellow; margin: 4px; border: 1px solid khaki\"> (<a href=\"http://hl7.org/fhir/R4/v2/0360/2.7/index.html\">degreeLicenseCertificate[2.7]</a>#MD)</span></td></tr></table></div>"
  },
  "identifier": [
    {
      "value": "practitioner.id1"
    }
  ],
  "name": [
    {
      "family": "Geneticist",
      "given": [
        "Peter"
      ],
      "prefix": [
        "Dr."
      ]
    }
  ],
  "address": [
    {
      "use": "work",
      "line": [
        "123 Yellow Brick Drive"
      ],
      "city": "Anytown",
      "state": "MA",
      "postalCode": "12345",
      "country": "US"
    }
  ],
  "gender": "male",
  "qualification": [
    {
      "code": {
        "coding": [
          {
            "system": "http://terminology.hl7.org/CodeSystem/v2-0360",
            "version": "2.7",
            "code": "MD"
          }
        ]
      }
    }
  ]
}