{
  "resourceType": "Specimen",
  "id": "biosample.specimen.id.2",
  "meta": {
    "profile": [
      "https://github.com/phenopackets/core-ig/StructureDefinition/Biosample"
    ]
  },
  "text": {
    "status": "extensions",
    "div": "<div xmlns=\"http://www.w3.org/1999/xhtml\"><p><b>Generated Narrative: Specimen</b></p><div style=\"display: inline-block; background-color: #d9e0e7; padding: 6px; margin: 4px; border: 1px solid #8da1b4; border-radius: 5px; line-height: 60%\"><p style=\"margin-bottom: 0px\">Resource Specimen \"biosample.specimen.id.2\" </p><p style=\"margin-bottom: 0px\">Profile: <a href=\"StructureDefinition-Biosample.html\">Biosample</a></p></div><p><b>Material Sample</b>: abnormal sample <span style=\"background: LightGoldenRodYellow; margin: 4px; border: 1px solid khaki\"> (efo#EFO_0009655)</span></p><p><b>identifier</b>: id: arbitrary identifier</p><p><b>subject</b>: <a href=\"Patient-Proband1.html\">Patient/Proband1</a> \" ANYPERSON\"</p><h3>Collections</h3><table class=\"grid\"><tr><td>-</td><td><b>Collected[x]</b></td><td><b>BodySite</b></td></tr><tr><td>*</td><td>2021-01-20</td><td>gastrocnemius <span style=\"background: LightGoldenRodYellow; margin: 4px; border: 1px solid khaki\"> (uberon#UBERON_0001388)</span></td></tr></table><h3>Processings</h3><table class=\"grid\"><tr><td>-</td><td><b>Procedure</b></td></tr><tr><td>*</td><td>Muscle Biopsy <span style=\"background: LightGoldenRodYellow; margin: 4px; border: 1px solid khaki\"> (ncit.owl#NCIT_C51895)</span></td></tr></table></div>"
  },
  "extension": [
    {
      "url": "https://github.com/phenopackets/core-ig/StructureDefinition/MaterialSample",
      "valueCodeableConcept": {
        "coding": [
          {
            "system": "http://github.com/EBISPOT/efo",
            "code": "EFO_0009655",
            "display": "abnormal sample"
          }
        ]
      }
    }
  ],
  "identifier": [
    {
      "value": "arbitrary identifier"
    }
  ],
  "subject": {
    "reference": "Patient/Proband1"
  },
  "collection": {
    "collectedDateTime": "2021-01-20",
    "bodySite": {
      "coding": [
        {
          "system": "http://github.com/obophenotype/uberon",
          "code": "UBERON_0001388",
          "display": "gastrocnemius"
        }
      ]
    }
  },
  "processing": [
    {
      "procedure": {
        "coding": [
          {
            "system": "http://purl.obolibrary.org/obo/ncit.owl",
            "code": "NCIT_C51895",
            "display": "Muscle Biopsy"
          }
        ]
      }
    }
  ]
}