{
  "resourceType": "Specimen",
  "id": "biosample.specimen.id.1",
  "meta": {
    "profile": [
      "https://github.com/phenopackets/core-ig/StructureDefinition/Biosample"
    ]
  },
  "text": {
    "status": "extensions",
    "div": "<div xmlns=\"http://www.w3.org/1999/xhtml\"><p><b>Generated Narrative: Specimen</b></p><div style=\"display: inline-block; background-color: #d9e0e7; padding: 6px; margin: 4px; border: 1px solid #8da1b4; border-radius: 5px; line-height: 60%\"><p style=\"margin-bottom: 0px\">Resource Specimen \"biosample.specimen.id.1\" </p><p style=\"margin-bottom: 0px\">Profile: <a href=\"StructureDefinition-Biosample.html\">Biosample</a></p></div><p><b>Histological Diagnosis</b>: Infiltrating Urothelial Carcinoma <span style=\"background: LightGoldenRodYellow; margin: 4px; border: 1px solid khaki\"> (ncit.owl#NCIT_C39853)</span></p><p><b>Tumor Progression</b>: Primary Malignant Neoplasm <span style=\"background: LightGoldenRodYellow; margin: 4px; border: 1px solid khaki\"> (ncit.owl#NCIT_C84509)</span></p><p><b>Tumor Grade</b>: Grade 2 Lesion <span style=\"background: LightGoldenRodYellow; margin: 4px; border: 1px solid khaki\"> (ncit.owl#NCIT_C36136)</span></p><p><b>Pathological Tumor Stage</b>: Stage II <span style=\"background: LightGoldenRodYellow; margin: 4px; border: 1px solid khaki\"> (ncit.owl#NCIT_C28054)</span></p><p><b> Pathological TNM Finding</b>: M0 Stage Finding <span style=\"background: LightGoldenRodYellow; margin: 4px; border: 1px solid khaki\"> (ncit.owl#NCIT_C48699)</span></p><p><b>Material Sample</b>: abnormal sample <span style=\"background: LightGoldenRodYellow; margin: 4px; border: 1px solid khaki\"> (efo#EFO_0009655)</span></p><p><b>identifier</b>: id: arbitrary identifier</p><p><b>type</b>: primary tumor sample <span style=\"background: LightGoldenRodYellow; margin: 4px; border: 1px solid khaki\"> (efo#EFO_0010942)</span></p><p><b>subject</b>: <a href=\"Patient-example-patient.html\">Patient/example-patient</a> \" ANYPERSON\"</p><h3>Collections</h3><table class=\"grid\"><tr><td>-</td><td><b>Collected[x]</b></td><td><b>BodySite</b></td></tr><tr><td>*</td><td>2021-01-20</td><td>wall of urinary bladder <span style=\"background: LightGoldenRodYellow; margin: 4px; border: 1px solid khaki\"> (uberon#UBERON_0001256)</span></td></tr></table><h3>Processings</h3><table class=\"grid\"><tr><td>-</td><td><b>Procedure</b></td></tr><tr><td>*</td><td>Radical Cystoprostatectomy <span style=\"background: LightGoldenRodYellow; margin: 4px; border: 1px solid khaki\"> (ncit.owl#NCIT_C5189)</span></td></tr></table></div>"
  },
  "extension": [
    {
      "url": "https://github.com/phenopackets/core-ig/StructureDefinition/HistologicalDiagnosis",
      "valueCodeableConcept": {
        "coding": [
          {
            "system": "http://purl.obolibrary.org/obo/ncit.owl",
            "code": "NCIT_C39853",
            "display": "Infiltrating Urothelial Carcinoma"
          }
        ]
      }
    },
    {
      "url": "https://github.com/phenopackets/core-ig/StructureDefinition/TumorProgression",
      "valueCodeableConcept": {
        "coding": [
          {
            "system": "http://purl.obolibrary.org/obo/ncit.owl",
            "code": "NCIT_C84509",
            "display": "Primary Malignant Neoplasm"
          }
        ]
      }
    },
    {
      "url": "https://github.com/phenopackets/core-ig/StructureDefinition/TumorGrade",
      "valueCodeableConcept": {
        "coding": [
          {
            "system": "http://purl.obolibrary.org/obo/ncit.owl",
            "code": "NCIT_C36136",
            "display": "Grade 2 Lesion"
          }
        ]
      }
    },
    {
      "url": "https://github.com/phenopackets/core-ig/StructureDefinition/PathologicalStage",
      "valueCodeableConcept": {
        "coding": [
          {
            "system": "http://purl.obolibrary.org/obo/ncit.owl",
            "code": "NCIT_C28054",
            "display": "Stage II"
          }
        ]
      }
    },
    {
      "url": "https://github.com/phenopackets/core-ig/StructureDefinition/PathologicalTnmFinding",
      "valueCodeableConcept": {
        "coding": [
          {
            "system": "http://purl.obolibrary.org/obo/ncit.owl",
            "code": "NCIT_C48699",
            "display": "M0 Stage Finding"
          }
        ]
      }
    },
    {
      "url": "https://github.com/phenopackets/core-ig/StructureDefinition/MaterialSample",
      "valueCodeableConcept": {
        "coding": [
          {
            "system": "http://github.com/EBISPOT/efo",
            "code": "EFO_0009655",
            "display": "abnormal sample"
          }
        ]
      }
    }
  ],
  "identifier": [
    {
      "value": "arbitrary identifier"
    }
  ],
  "type": {
    "coding": [
      {
        "system": "http://github.com/EBISPOT/efo",
        "code": "EFO_0010942",
        "display": "primary tumor sample"
      }
    ]
  },
  "subject": {
    "reference": "Patient/example-patient"
  },
  "collection": {
    "collectedDateTime": "2021-01-20",
    "bodySite": {
      "coding": [
        {
          "system": "http://github.com/obophenotype/uberon",
          "code": "UBERON_0001256",
          "display": "wall of urinary bladder"
        }
      ]
    }
  },
  "processing": [
    {
      "procedure": {
        "coding": [
          {
            "system": "http://purl.obolibrary.org/obo/ncit.owl",
            "code": "NCIT_C5189",
            "display": "Radical Cystoprostatectomy"
          }
        ]
      }
    }
  ]
}