{
  "resourceType": "ValueSet",
  "id": "moleculeContext-vs",
  "text": {
    "status": "generated",
    "div": "<div xmlns=\"http://www.w3.org/1999/xhtml\"><ul><li>Include these codes as defined in <code>http://phenopacket-schema.readthedocs.io/en/v2/variant.html#rstmoleculecontext</code><table class=\"none\"><tr><td style=\"white-space:nowrap\"><b>Code</b></td><td><b>Display</b></td></tr><tr><td>0</td><td>unspecified_molecule_context</td></tr><tr><td>1</td><td>genomic</td></tr><tr><td>2</td><td>transcript</td></tr><tr><td>3</td><td>protein</td></tr></table></li></ul></div>"
  },
  "url": "https://github.com/phenopackets/core-ig/ValueSet/moleculeContext-vs",
  "version": "0.1.0",
  "name": "MoleculeContextVS",
  "title": "Molecule Context Value Set",
  "status": "active",
  "date": "2022-09-07T18:21:27+00:00",
  "publisher": "Global Alliance for Genomics and Health - Clinical and Phenotypic Data Capture Work Stream",
  "contact": [
    {
      "name": "Global Alliance for Genomics and Health - Clinical and Phenotypic Data Capture Work Stream",
      "telecom": [
        {
          "system": "url",
          "value": "https://www.ga4gh.org/work_stream/clinical-phenotypic-data-capture-2/"
        }
      ]
    }
  ],
  "description": "Describes The molecular context of the variant. Default is unspecified_molecule_context.",
  "jurisdiction": [
    {
      "coding": [
        {
          "system": "urn:iso:std:iso:3166",
          "code": "US"
        }
      ]
    }
  ],
  "copyright": "This value set includes content from Phenopackets, which is copyright © 2016+ Global Alliance for Genomics and Health (GA4GH)",
  "compose": {
    "include": [
      {
        "system": "http://phenopacket-schema.readthedocs.io/en/v2/variant.html#rstmoleculecontext",
        "concept": [
          {
            "code": "0",
            "display": "unspecified_molecule_context"
          },
          {
            "code": "1",
            "display": "genomic"
          },
          {
            "code": "2",
            "display": "transcript"
          },
          {
            "code": "3",
            "display": "protein"
          }
        ]
      }
    ]
  }
}