{
  "resourceType" : "ValueSet",
  "id" : "733f5653-54ea-400a-9ef3-408098b3d2cb-159",
  "url" : "http://hl7.org/fhir/comparison/ValueSet/733f5653-54ea-400a-9ef3-408098b3d2cb-159",
  "name" : "IntersectionUSCoreConditionCodesAndCondition/Problem/DiagnosisCodes",
  "title" : "Intersection of US Core Condition Codes And Condition/Problem/Diagnosis Codes",
  "status" : "active",
  "date" : "2022-09-07T18:21:55+00:00",
  "compose" : {
    "include" : [{
      "filter" : [{
        "property" : "concept",
        "op" : "is-a",
        "value" : "404684003"
      }]
    }]
  }
}