{
  "resourceType" : "ValueSet",
  "id" : "c3dbfecf-a99d-46e8-9b77-9e189552e47d-159",
  "url" : "http://hl7.org/fhir/comparison/ValueSet/c3dbfecf-a99d-46e8-9b77-9e189552e47d-159",
  "name" : "IntersectionUSCoreConditionCodesAndCondition/Problem/DiagnosisCodes",
  "title" : "Intersection of US Core Condition Codes And Condition/Problem/Diagnosis Codes",
  "status" : "active",
  "date" : "2022-09-07T17:42:57+00:00",
  "compose" : {
    "include" : [{
      "filter" : [{
        "property" : "concept",
        "op" : "is-a",
        "value" : "404684003"
      }]
    }]
  }
}