<?xml version="1.0" encoding="UTF-8"?>

<Composition xmlns="http://hl7.org/fhir">
  <id value="PhenopacketCompositionExample01"/>
  <meta>
    <profile value="https://github.com/phenopackets/core-ig/StructureDefinition/Phenopacket"/>
  </meta>
  <text>
    <status value="generated"/><div xmlns="http://www.w3.org/1999/xhtml"><p><b>Generated Narrative: Composition</b></p><div style="display: inline-block; background-color: #d9e0e7; padding: 6px; margin: 4px; border: 1px solid #8da1b4; border-radius: 5px; line-height: 60%"><p style="margin-bottom: 0px">Resource Composition "PhenopacketCompositionExample01" </p><p style="margin-bottom: 0px">Profile: <a href="StructureDefinition-Phenopacket.html">Phenopacket profile</a></p></div><p><b>identifier</b>: id: urn:uuid:1111-1111-1111-1112</p><p><b>status</b>: preliminary</p><p><b>type</b>: Medical records <span style="background: LightGoldenRodYellow; margin: 4px; border: 1px solid khaki"> (<a href="https://loinc.org/">LOINC</a>#11503-0)</span></p><p><b>date</b>: 2022-02-02</p><p><b>author</b>: <a href="Practitioner-PhenopacketPractitionerExample01.html">Practitioner/PhenopacketPractitionerExample01: John T. Practitioner</a> ""</p><p><b>title</b>: This is an example of a composition resource that represents some of the Phenopackets data elements</p></div>
  </text>
  <identifier>
    <system value="urn:ietf:rfc:3986"/>
    <value value="urn:uuid:1111-1111-1111-1112"/>
  </identifier>
  <status value="preliminary"/>
  <type>
    <coding>
      <system value="http://loinc.org"/>
      <code value="11503-0"/>
      <display value="Medical records"/>
    </coding>
  </type>
  <subject>
    <reference value="Patient/example-patient"/>
    <display value="Anyname A. Anyperson"/>
  </subject>
  <date value="2022-02-02"/>
  <author>
    <reference value="Practitioner/PhenopacketPractitionerExample01"/>
    <display value="John T. Practitioner"/>
  </author>
  <title value="This is an example of a composition resource that represents some of the Phenopackets data elements"/>
  <section>
    <code>
      <coding>
        <system value="http://ga4gh.org/fhir/phenopackets/CodeSystem/SectionType"/>
        <code value="phenotypic_features"/>
      </coding>
    </code>
    <entry>
      <reference value="Observation/id.phenotypicfeature.4"/>
      <display value="Congestive heart failure"/>
    </entry>
  </section>
  <section>
    <code>
      <coding>
        <system value="http://ga4gh.org/fhir/phenopackets/CodeSystem/SectionType"/>
        <code value="measurements"/>
      </coding>
    </code>
    <entry>
      <reference value="Observation/id.measurement.1"/>
      <display value="Thrombocytopenia"/>
    </entry>
  </section>
  <section>
    <code>
      <coding>
        <system value="http://ga4gh.org/fhir/phenopackets/CodeSystem/SectionType"/>
        <code value="biosamples"/>
      </coding>
    </code>
    <entry>
      <reference value="Specimen/biosample.specimen.id.1"/>
      <display value="Bladder Carcinoma"/>
    </entry>
  </section>
  <section>
    <code>
      <coding>
        <system value="http://ga4gh.org/fhir/phenopackets/CodeSystem/SectionType"/>
        <code value="interpretations"/>
      </coding>
    </code>
    <entry>
      <reference value="DiagnosticReport/PhenopacketsGenomicInterpretationExample02"/>
      <display value="Obesity due to centrosomal protein 19 deficiency (disorder)"/>
    </entry>
  </section>
  <section>
    <code>
      <coding>
        <system value="http://ga4gh.org/fhir/phenopackets/CodeSystem/SectionType"/>
        <code value="diseases"/>
      </coding>
    </code>
    <entry>
      <reference value="Condition/id.disease.3"/>
      <display value="CHF-stageIII"/>
    </entry>
  </section>
</Composition>