<?xml version="1.0" encoding="UTF-8"?>

<ImplementationGuide xmlns="http://hl7.org/fhir">
  <id value="hl7.fhir.us.ga4gh.phenopacket"/>
  <text>
    <status value="extensions"/><div xmlns="http://www.w3.org/1999/xhtml"><h2>GA4GHPhenopacketIG</h2><p>The official URL for this implementation guide is: </p><pre>https://github.com/phenopackets/core-ig/ImplementationGuide/hl7.fhir.us.ga4gh.phenopacket</pre><div><p>FHIR implementation guide for the Global Alliance for Genomics and Health Phenopacket standard.</p>
</div></div>
  </text>
  <url value="https://github.com/phenopackets/core-ig/ImplementationGuide/hl7.fhir.us.ga4gh.phenopacket"/>
  <version value="0.1.0"/>
  <name value="GA4GHPhenopacketIG"/>
  <title value="GA4GH Phenopacket (version 2) FHIR Implementation Guide"/>
  <status value="draft"/>
  <date value="2022-09-07T17:42:27+00:00"/>
  <publisher value="Global Alliance for Genomics and Health - Clinical and Phenotypic Data Capture Work Stream"/>
  <contact>
    <name value="Global Alliance for Genomics and Health - Clinical and Phenotypic Data Capture Work Stream"/>
    <telecom>
      <system value="url"/>
      <value value="https://www.ga4gh.org/work_stream/clinical-phenotypic-data-capture-2/"/>
    </telecom>
  </contact>
  <description value="FHIR implementation guide for the Global Alliance for Genomics and Health Phenopacket standard."/>
  <jurisdiction>
    <coding>
      <system value="urn:iso:std:iso:3166"/>
      <code value="US"/>
    </coding>
  </jurisdiction>
  <copyright value="[Global Alliance for Genomics and Health](https://www.ga4gh.org)"/>
  <packageId value="hl7.fhir.us.ga4gh.phenopacket"/>
  <license value="CC0-1.0"/>
  <fhirVersion value="4.0.1"/>
  <dependsOn id="hl7tx">
    <uri value="http://terminology.hl7.org/ImplementationGuide/hl7.terminology"/>
    <packageId value="hl7.terminology.r4"/>
    <version value="3.1.0"/>
  </dependsOn>
  <dependsOn id="hl7_fhir_uv_genomics_reporting">
    <uri value="http://hl7.org/fhir/uv/genomics-reporting/ImplementationGuide/hl7.fhir.uv.genomics-reporting"/>
    <packageId value="hl7.fhir.uv.genomics-reporting"/>
    <version value="1.0.0"/>
  </dependsOn>
  <definition>
    <extension url="http://hl7.org/fhir/tools/StructureDefinition/ig-parameter">
      <extension url="code">
        <valueString value="copyrightyear"/>
      </extension>
      <extension url="value">
        <valueString value="2021+"/>
      </extension>
    </extension>
    <extension url="http://hl7.org/fhir/tools/StructureDefinition/ig-parameter">
      <extension url="code">
        <valueString value="releaselabel"/>
      </extension>
      <extension url="value">
        <valueString value="ci-build"/>
      </extension>
    </extension>
    <extension url="http://hl7.org/fhir/tools/StructureDefinition/ig-parameter">
      <extension url="code">
        <valueString value="apply-contact"/>
      </extension>
      <extension url="value">
        <valueString value="true"/>
      </extension>
    </extension>
    <extension url="http://hl7.org/fhir/tools/StructureDefinition/ig-parameter">
      <extension url="code">
        <valueString value="apply-jurisdiction"/>
      </extension>
      <extension url="value">
        <valueString value="true"/>
      </extension>
    </extension>
    <extension url="http://hl7.org/fhir/tools/StructureDefinition/ig-parameter">
      <extension url="code">
        <valueString value="apply-publisher"/>
      </extension>
      <extension url="value">
        <valueString value="true"/>
      </extension>
    </extension>
    <extension url="http://hl7.org/fhir/tools/StructureDefinition/ig-parameter">
      <extension url="code">
        <valueString value="autoload-resources"/>
      </extension>
      <extension url="value">
        <valueString value="true"/>
      </extension>
    </extension>
    <extension url="http://hl7.org/fhir/tools/StructureDefinition/ig-parameter">
      <extension url="code">
        <valueString value="path-liquid"/>
      </extension>
      <extension url="value">
        <valueString value="template/liquid"/>
      </extension>
    </extension>
    <extension url="http://hl7.org/fhir/tools/StructureDefinition/ig-parameter">
      <extension url="code">
        <valueString value="path-liquid"/>
      </extension>
      <extension url="value">
        <valueString value="input/liquid"/>
      </extension>
    </extension>
    <extension url="http://hl7.org/fhir/tools/StructureDefinition/ig-parameter">
      <extension url="code">
        <valueString value="path-qa"/>
      </extension>
      <extension url="value">
        <valueString value="temp/qa"/>
      </extension>
    </extension>
    <extension url="http://hl7.org/fhir/tools/StructureDefinition/ig-parameter">
      <extension url="code">
        <valueString value="path-temp"/>
      </extension>
      <extension url="value">
        <valueString value="temp/pages"/>
      </extension>
    </extension>
    <extension url="http://hl7.org/fhir/tools/StructureDefinition/ig-parameter">
      <extension url="code">
        <valueString value="path-output"/>
      </extension>
      <extension url="value">
        <valueString value="output"/>
      </extension>
    </extension>
    <extension url="http://hl7.org/fhir/tools/StructureDefinition/ig-parameter">
      <extension url="code">
        <valueString value="path-suppressed-warnings"/>
      </extension>
      <extension url="value">
        <valueString value="input/ignoreWarnings.txt"/>
      </extension>
    </extension>
    <extension url="http://hl7.org/fhir/tools/StructureDefinition/ig-parameter">
      <extension url="code">
        <valueString value="path-history"/>
      </extension>
      <extension url="value">
        <valueString value="https://github.com/phenopackets/core-ig/history.html"/>
      </extension>
    </extension>
    <extension url="http://hl7.org/fhir/tools/StructureDefinition/ig-parameter">
      <extension url="code">
        <valueString value="template-html"/>
      </extension>
      <extension url="value">
        <valueString value="template-page.html"/>
      </extension>
    </extension>
    <extension url="http://hl7.org/fhir/tools/StructureDefinition/ig-parameter">
      <extension url="code">
        <valueString value="template-md"/>
      </extension>
      <extension url="value">
        <valueString value="template-page-md.html"/>
      </extension>
    </extension>
    <extension url="http://hl7.org/fhir/tools/StructureDefinition/ig-parameter">
      <extension url="code">
        <valueString value="apply-context"/>
      </extension>
      <extension url="value">
        <valueString value="true"/>
      </extension>
    </extension>
    <extension url="http://hl7.org/fhir/tools/StructureDefinition/ig-parameter">
      <extension url="code">
        <valueString value="apply-copyright"/>
      </extension>
      <extension url="value">
        <valueString value="true"/>
      </extension>
    </extension>
    <extension url="http://hl7.org/fhir/tools/StructureDefinition/ig-parameter">
      <extension url="code">
        <valueString value="apply-license"/>
      </extension>
      <extension url="value">
        <valueString value="true"/>
      </extension>
    </extension>
    <extension url="http://hl7.org/fhir/tools/StructureDefinition/ig-parameter">
      <extension url="code">
        <valueString value="apply-version"/>
      </extension>
      <extension url="value">
        <valueString value="true"/>
      </extension>
    </extension>
    <extension url="http://hl7.org/fhir/tools/StructureDefinition/ig-parameter">
      <extension url="code">
        <valueString value="active-tables"/>
      </extension>
      <extension url="value">
        <valueString value="true"/>
      </extension>
    </extension>
    <extension url="http://hl7.org/fhir/tools/StructureDefinition/ig-parameter">
      <extension url="code">
        <valueString value="fmm-definition"/>
      </extension>
      <extension url="value">
        <valueString value="http://hl7.org/fhir/versions.html#maturity"/>
      </extension>
    </extension>
    <extension url="http://hl7.org/fhir/tools/StructureDefinition/ig-parameter">
      <extension url="code">
        <valueString value="propagate-status"/>
      </extension>
      <extension url="value">
        <valueString value="true"/>
      </extension>
    </extension>
    <extension url="http://hl7.org/fhir/tools/StructureDefinition/ig-parameter">
      <extension url="code">
        <valueString value="excludelogbinaryformat"/>
      </extension>
      <extension url="value">
        <valueString value="true"/>
      </extension>
    </extension>
    <resource>
      <extension url="http://hl7.org/fhir/tools/StructureDefinition/resource-information">
        <valueString value="StructureDefinition:resource"/>
      </extension>
      <reference>
        <reference value="StructureDefinition/Biosample"/>
      </reference>
      <name value="Biosample"/>
      <description value="A unit of biological material from which the substrate molecules (e.g. genomic DNA, RNA, proteins) for molecular analyses (e.g. sequencing, array hybridisation, mass-spectrometry) are extracted."/>
      <exampleBoolean value="false"/>
    </resource>
    <resource>
      <extension url="http://hl7.org/fhir/tools/StructureDefinition/resource-information">
        <valueString value="StructureDefinition:resource"/>
      </extension>
      <reference>
        <reference value="StructureDefinition/Disease"/>
      </reference>
      <name value="Disease profile"/>
      <description value="This profile stipulates that a FHIR Condition must have a codeable concept that represents the disease. The concepts can be taken from various ontologies, but for rare-disease concepts, we recommend MONDO."/>
      <exampleBoolean value="false"/>
    </resource>
    <resource>
      <extension url="http://hl7.org/fhir/tools/StructureDefinition/resource-information">
        <valueString value="StructureDefinition:resource"/>
      </extension>
      <reference>
        <reference value="StructureDefinition/Individual"/>
      </reference>
      <name value="Individual"/>
      <description value="The subject of the Phenopacket is represented by an Individual element. This element intends to represent an individual human or other organism."/>
      <exampleBoolean value="false"/>
    </resource>
    <resource>
      <extension url="http://hl7.org/fhir/tools/StructureDefinition/resource-information">
        <valueString value="StructureDefinition:resource"/>
      </extension>
      <reference>
        <reference value="StructureDefinition/Measurement"/>
      </reference>
      <name value="Measurement"/>
      <description value="This profile defines the GA4GH Measurement element in terms of the FHIR Observation"/>
      <exampleBoolean value="false"/>
    </resource>
    <resource>
      <extension url="http://hl7.org/fhir/tools/StructureDefinition/resource-information">
        <valueString value="StructureDefinition:resource"/>
      </extension>
      <reference>
        <reference value="StructureDefinition/Phenopacket"/>
      </reference>
      <name value="Phenopacket profile"/>
      <description value="This is the main element that represents the Phenopacket in FHIR."/>
      <exampleBoolean value="false"/>
    </resource>
    <resource>
      <extension url="http://hl7.org/fhir/tools/StructureDefinition/resource-information">
        <valueString value="StructureDefinition:resource"/>
      </extension>
      <reference>
        <reference value="StructureDefinition/phenopackets-genomic-interpretation"/>
      </reference>
      <name value="Phenopackets Genomic Interpretation"/>
      <description value="A profile of Genomics Reporting Genomics Report profile that represents relevant &#xA;              phenopackets building blocks."/>
      <exampleBoolean value="false"/>
    </resource>
    <resource>
      <extension url="http://hl7.org/fhir/tools/StructureDefinition/resource-information">
        <valueString value="StructureDefinition:resource"/>
      </extension>
      <reference>
        <reference value="StructureDefinition/phenopackets-variant"/>
      </reference>
      <name value="Phenopackets Variant"/>
      <description value="A profile of Genomics Reporting Variant profile that represents relevant phenopackets building blocks."/>
      <exampleBoolean value="false"/>
    </resource>
    <resource>
      <extension url="http://hl7.org/fhir/tools/StructureDefinition/resource-information">
        <valueString value="StructureDefinition:resource"/>
      </extension>
      <reference>
        <reference value="StructureDefinition/PhenotypicFeature"/>
      </reference>
      <name value="Phenotypic Feature"/>
      <description value="This profile defines the GA4GH PhenotypicFeature element in terms of the FHIR Observation"/>
      <exampleBoolean value="false"/>
    </resource>
    <resource>
      <extension url="http://hl7.org/fhir/tools/StructureDefinition/resource-information">
        <valueString value="StructureDefinition:resource"/>
      </extension>
      <reference>
        <reference value="StructureDefinition/Treatment"/>
      </reference>
      <name value="Treatment"/>
      <description value="This profile defines the GA4GH Treatment element in terms of the FHIR MedicationAdministration"/>
      <exampleBoolean value="false"/>
    </resource>
    <resource>
      <extension url="http://hl7.org/fhir/tools/StructureDefinition/resource-information">
        <valueString value="StructureDefinition:extension"/>
      </extension>
      <reference>
        <reference value="StructureDefinition/acmg-pathogenicity-classification"/>
      </reference>
      <name value="ACMG Pathogenicity Classification"/>
      <description value="One of the five ACMG pathogenicity categories, default is UNCERTAIN_SIGNIFICANCE."/>
      <exampleBoolean value="false"/>
    </resource>
    <resource>
      <extension url="http://hl7.org/fhir/tools/StructureDefinition/resource-information">
        <valueString value="StructureDefinition:extension"/>
      </extension>
      <reference>
        <reference value="StructureDefinition/additional-variant-identifier"/>
      </reference>
      <name value="Additional Variant Identifier"/>
      <description value="Used to  list of unique identifiers where available. If this is a dbSNP variant, component[dbSNP-id] should be used instead."/>
      <exampleBoolean value="false"/>
    </resource>
    <resource>
      <extension url="http://hl7.org/fhir/tools/StructureDefinition/resource-information">
        <valueString value="StructureDefinition:extension"/>
      </extension>
      <reference>
        <reference value="StructureDefinition/CodedOnset"/>
      </reference>
      <name value="Coded Onset"/>
      <description value="The onset of a disease using an ontology class."/>
      <exampleBoolean value="false"/>
    </resource>
    <resource>
      <extension url="http://hl7.org/fhir/tools/StructureDefinition/resource-information">
        <valueString value="StructureDefinition:extension"/>
      </extension>
      <reference>
        <reference value="StructureDefinition/DiagnosticMarker"/>
      </reference>
      <name value="Diagnostic Marker"/>
      <description value="Clinically relevant biomarkers. Most of the assays such as immunohistochemistry (IHC) are covered by the NCIT under the sub-hierarchy NCIT:C36292 (Laboratory Test Result), e.g. NCIT:C68748 (HER2/Neu Positive), NCIT:C131711 (Human Papillomavirus-18 Positive)."/>
      <exampleBoolean value="false"/>
    </resource>
    <resource>
      <extension url="http://hl7.org/fhir/tools/StructureDefinition/resource-information">
        <valueString value="StructureDefinition:extension"/>
      </extension>
      <reference>
        <reference value="StructureDefinition/filter-status"/>
      </reference>
      <name value="Filter Status"/>
      <description value="Filter status: PASS if this position has passed all filters."/>
      <exampleBoolean value="false"/>
    </resource>
    <resource>
      <extension url="http://hl7.org/fhir/tools/StructureDefinition/resource-information">
        <valueString value="StructureDefinition:extension"/>
      </extension>
      <reference>
        <reference value="StructureDefinition/HistologicalDiagnosis"/>
      </reference>
      <name value="Histological Diagnosis"/>
      <description value="This is the pathologist’s diagnosis and may often represent a refinement of the clinical diagnosis (which could be reported in the Phenopacket that contains this Biosample). Normal samples would be tagged with the term “NCIT:C38757”, “Negative Finding”."/>
      <exampleBoolean value="false"/>
    </resource>
    <resource>
      <extension url="http://hl7.org/fhir/tools/StructureDefinition/resource-information">
        <valueString value="StructureDefinition:extension"/>
      </extension>
      <reference>
        <reference value="StructureDefinition/interpretation-status"/>
      </reference>
      <name value="Interpretation Status"/>
      <description value="Describes the conclusion made about the genomic interpretation."/>
      <exampleBoolean value="false"/>
    </resource>
    <resource>
      <extension url="http://hl7.org/fhir/tools/StructureDefinition/resource-information">
        <valueString value="StructureDefinition:extension"/>
      </extension>
      <reference>
        <reference value="StructureDefinition/KaryotypicSex"/>
      </reference>
      <name value="Karyotypic Sex"/>
      <description value="Karyotypic sex of an individual (also known as chromosomal sex)."/>
      <exampleBoolean value="false"/>
    </resource>
    <resource>
      <extension url="http://hl7.org/fhir/tools/StructureDefinition/resource-information">
        <valueString value="StructureDefinition:extension"/>
      </extension>
      <reference>
        <reference value="StructureDefinition/MaterialSample"/>
      </reference>
      <name value="Material Sample"/>
      <description value="Type of sample (diseases, control, etc.)"/>
      <exampleBoolean value="false"/>
    </resource>
    <resource>
      <extension url="http://hl7.org/fhir/tools/StructureDefinition/resource-information">
        <valueString value="StructureDefinition:extension"/>
      </extension>
      <reference>
        <reference value="StructureDefinition/MeasurementExt"/>
      </reference>
      <name value="Measurement (Biosample)"/>
      <description value="Term representing a measurement made on a Biosample"/>
      <exampleBoolean value="false"/>
    </resource>
    <resource>
      <extension url="http://hl7.org/fhir/tools/StructureDefinition/resource-information">
        <valueString value="StructureDefinition:extension"/>
      </extension>
      <reference>
        <reference value="StructureDefinition/molecule-context"/>
      </reference>
      <name value="Molecule Context"/>
      <description value="The molecular context of the vrs variation."/>
      <exampleBoolean value="false"/>
    </resource>
    <resource>
      <extension url="http://hl7.org/fhir/tools/StructureDefinition/resource-information">
        <valueString value="StructureDefinition:extension"/>
      </extension>
      <reference>
        <reference value="StructureDefinition/Onset"/>
      </reference>
      <name value="Onset"/>
      <description value="Describes the age at which a phenotypic feature was first noticed or diagnosed."/>
      <exampleBoolean value="false"/>
    </resource>
    <resource>
      <extension url="http://hl7.org/fhir/tools/StructureDefinition/resource-information">
        <valueString value="StructureDefinition:extension"/>
      </extension>
      <reference>
        <reference value="StructureDefinition/PathologicalStage"/>
      </reference>
      <name value="Pathological Tumor Stage"/>
      <description value="This element can be used if the phenopacket describes cancer. Tumor staging describes the extent of growth of cancer, including the tumor and, if applicable, affected lymph nodes and distant metastases. This element should not be confused with clinical stage."/>
      <exampleBoolean value="false"/>
    </resource>
    <resource>
      <extension url="http://hl7.org/fhir/tools/StructureDefinition/resource-information">
        <valueString value="StructureDefinition:extension"/>
      </extension>
      <reference>
        <reference value="StructureDefinition/PathologicalTnmFinding"/>
      </reference>
      <name value=" Pathological TNM Finding"/>
      <description value="Pathological TNM findings, if applicable. Corresponds to pathological_tnm_finding (GA4GH)"/>
      <exampleBoolean value="false"/>
    </resource>
    <resource>
      <extension url="http://hl7.org/fhir/tools/StructureDefinition/resource-information">
        <valueString value="StructureDefinition:extension"/>
      </extension>
      <reference>
        <reference value="StructureDefinition/PhenotypicFeatureExt"/>
      </reference>
      <name value="Phenotypic Feature (Biosample)"/>
      <description value="Term representing phenotypic features of a Biosample"/>
      <exampleBoolean value="false"/>
    </resource>
    <resource>
      <extension url="http://hl7.org/fhir/tools/StructureDefinition/resource-information">
        <valueString value="StructureDefinition:extension"/>
      </extension>
      <reference>
        <reference value="StructureDefinition/phred-quality-score"/>
      </reference>
      <name value="Phred Quality Score"/>
      <description value="Used to include Phred-scaled quality score for the assertion made in ALT."/>
      <exampleBoolean value="false"/>
    </resource>
    <resource>
      <extension url="http://hl7.org/fhir/tools/StructureDefinition/resource-information">
        <valueString value="StructureDefinition:extension"/>
      </extension>
      <reference>
        <reference value="StructureDefinition/related-concept-id"/>
      </reference>
      <name value="Related Concept ID"/>
      <description value="Used to provide identifiers to alternative resources representing related, but not equivalent concepts, for example gene ortholog ids"/>
      <exampleBoolean value="false"/>
    </resource>
    <resource>
      <extension url="http://hl7.org/fhir/tools/StructureDefinition/resource-information">
        <valueString value="StructureDefinition:extension"/>
      </extension>
      <reference>
        <reference value="StructureDefinition/Taxonomy"/>
      </reference>
      <name value="Taxonomy"/>
      <description value="Corresponds to taxonomy (GA4GH). For resources where there may be more than one organism being studied it is advisable to indicate the taxonomic identifier of that organism, to its most specific level."/>
      <exampleBoolean value="false"/>
    </resource>
    <resource>
      <extension url="http://hl7.org/fhir/tools/StructureDefinition/resource-information">
        <valueString value="StructureDefinition:extension"/>
      </extension>
      <reference>
        <reference value="StructureDefinition/therapeutic-actionability"/>
      </reference>
      <name value="Therapeutic Actionability"/>
      <description value="one of the five ACMG pathogenicity categories, or NOT_PROVIDED. The default is NOT_PROVIDED."/>
      <exampleBoolean value="false"/>
    </resource>
    <resource>
      <extension url="http://hl7.org/fhir/tools/StructureDefinition/resource-information">
        <valueString value="StructureDefinition:extension"/>
      </extension>
      <reference>
        <reference value="StructureDefinition/TumorGrade"/>
      </reference>
      <name value="Tumor Grade"/>
      <description value="List of terms representing the tumor grade."/>
      <exampleBoolean value="false"/>
    </resource>
    <resource>
      <extension url="http://hl7.org/fhir/tools/StructureDefinition/resource-information">
        <valueString value="StructureDefinition:extension"/>
      </extension>
      <reference>
        <reference value="StructureDefinition/TumorProgression"/>
      </reference>
      <name value="Tumor Progression"/>
      <description value="This field can be used to indicate if a specimen is from the primary tumor, a metastasis or a recurrence. There are multiple ways of representing this using ontology terms, and the terms chosen should have a specific meaning that is application specific."/>
      <exampleBoolean value="false"/>
    </resource>
    <resource>
      <extension url="http://hl7.org/fhir/tools/StructureDefinition/resource-information">
        <valueString value="StructureDefinition:extension"/>
      </extension>
      <reference>
        <reference value="StructureDefinition/vcf-info"/>
      </reference>
      <name value="VCF Info"/>
      <description value="Additional information: Semicolon-separated series of additional information fields from VCF info field."/>
      <exampleBoolean value="false"/>
    </resource>
    <resource>
      <extension url="http://hl7.org/fhir/tools/StructureDefinition/resource-information">
        <valueString value="StructureDefinition:extension"/>
      </extension>
      <reference>
        <reference value="StructureDefinition/vrs-object"/>
      </reference>
      <name value="VRS Object"/>
      <description value="The VRS Variation object (Link: https://vrs.ga4gh.org/en/stable/)"/>
      <exampleBoolean value="false"/>
    </resource>
    <resource>
      <extension url="http://hl7.org/fhir/tools/StructureDefinition/resource-information">
        <valueString value="ValueSet"/>
      </extension>
      <reference>
        <reference value="ValueSet/acmgPathogenicityClassification-vs"/>
      </reference>
      <name value="ACMG Pathogenicity Classification Value Set"/>
      <description value="Describes the ACMG five-tier pathogenicity classification system (Richards et al., 2015, https://www.ncbi.nlm.nih.gov/pmc/articles/PMC4544753/)."/>
      <exampleBoolean value="false"/>
    </resource>
    <resource>
      <extension url="http://hl7.org/fhir/tools/StructureDefinition/resource-information">
        <valueString value="ValueSet"/>
      </extension>
      <reference>
        <reference value="ValueSet/DiagnosticMarker"/>
      </reference>
      <name value="Diagnostic Marker"/>
      <description value="Codes to indicate clinically relevant bio markers."/>
      <exampleBoolean value="false"/>
    </resource>
    <resource>
      <extension url="http://hl7.org/fhir/tools/StructureDefinition/resource-information">
        <valueString value="ValueSet"/>
      </extension>
      <reference>
        <reference value="ValueSet/geno-ontology-allelic-state-vs"/>
      </reference>
      <name value="GENO Ontology Allelic State Value Set "/>
      <description value="Descendent terms of GENO_0000875"/>
      <exampleBoolean value="false"/>
    </resource>
    <resource>
      <extension url="http://hl7.org/fhir/tools/StructureDefinition/resource-information">
        <valueString value="ValueSet"/>
      </extension>
      <reference>
        <reference value="ValueSet/HistologicalDiagnosis"/>
      </reference>
      <name value="HistologicalDiagnosis"/>
      <description value="Histological diagnosis codes from NCIT."/>
      <exampleBoolean value="false"/>
    </resource>
    <resource>
      <extension url="http://hl7.org/fhir/tools/StructureDefinition/resource-information">
        <valueString value="ValueSet"/>
      </extension>
      <reference>
        <reference value="ValueSet/interpretationStatus-vs"/>
      </reference>
      <name value="Interpretation Status Value Set"/>
      <description value="Describes the conclusion made about the genomic interpretation."/>
      <exampleBoolean value="false"/>
    </resource>
    <resource>
      <extension url="http://hl7.org/fhir/tools/StructureDefinition/resource-information">
        <valueString value="ValueSet"/>
      </extension>
      <reference>
        <reference value="ValueSet/KaryotypicSex"/>
      </reference>
      <name value="Karyotypic sex value set"/>
      <description value="The karyotypic (chromosomal) sex of an individual"/>
      <exampleBoolean value="false"/>
    </resource>
    <resource>
      <extension url="http://hl7.org/fhir/tools/StructureDefinition/resource-information">
        <valueString value="ValueSet"/>
      </extension>
      <reference>
        <reference value="ValueSet/moleculeContext-vs"/>
      </reference>
      <name value="Molecule Context Value Set"/>
      <description value="Describes The molecular context of the variant. Default is unspecified_molecule_context."/>
      <exampleBoolean value="false"/>
    </resource>
    <resource>
      <extension url="http://hl7.org/fhir/tools/StructureDefinition/resource-information">
        <valueString value="ValueSet"/>
      </extension>
      <reference>
        <reference value="ValueSet/observation-categories"/>
      </reference>
      <name value="Observation categories"/>
      <description value="ValueSet description here"/>
      <exampleBoolean value="false"/>
    </resource>
    <resource>
      <extension url="http://hl7.org/fhir/tools/StructureDefinition/resource-information">
        <valueString value="ValueSet"/>
      </extension>
      <reference>
        <reference value="ValueSet/Onset"/>
      </reference>
      <name value="Onset ValueSet"/>
      <description value="Set of HPO codes that denote the onset of a disease or phenotypic feature. The codes are descendants of Onset (HP:0003674) or from SNOMED_CT (282032007)."/>
      <exampleBoolean value="false"/>
    </resource>
    <resource>
      <extension url="http://hl7.org/fhir/tools/StructureDefinition/resource-information">
        <valueString value="ValueSet"/>
      </extension>
      <reference>
        <reference value="ValueSet/phenotypic-abnormality"/>
      </reference>
      <name value="Phenotypic abnormality ValueSet"/>
      <description value="ValueSet description here"/>
      <exampleBoolean value="false"/>
    </resource>
    <resource>
      <extension url="http://hl7.org/fhir/tools/StructureDefinition/resource-information">
        <valueString value="ValueSet"/>
      </extension>
      <reference>
        <reference value="ValueSet/phenotypic-component"/>
      </reference>
      <name value="Phenotypic component ValueSet"/>
      <description value="ValueSet description here"/>
      <exampleBoolean value="false"/>
    </resource>
    <resource>
      <extension url="http://hl7.org/fhir/tools/StructureDefinition/resource-information">
        <valueString value="ValueSet"/>
      </extension>
      <reference>
        <reference value="ValueSet/phenotypicFeatureVS"/>
      </reference>
      <name value="Observation Codes for status of a PhenotypicFeature"/>
      <description value="The LOINC codes for present if a feature is observed and absent if a feature was excluded."/>
      <exampleBoolean value="false"/>
    </resource>
    <resource>
      <extension url="http://hl7.org/fhir/tools/StructureDefinition/resource-information">
        <valueString value="ValueSet"/>
      </extension>
      <reference>
        <reference value="ValueSet/PhenotypicModifierValueSet"/>
      </reference>
      <name value="Phenotypic modifier ValueSet"/>
      <description value="ValueSet description here"/>
      <exampleBoolean value="false"/>
    </resource>
    <resource>
      <extension url="http://hl7.org/fhir/tools/StructureDefinition/resource-information">
        <valueString value="ValueSet"/>
      </extension>
      <reference>
        <reference value="ValueSet/sequence-ontology-structural-variant-vs"/>
      </reference>
      <name value="Sequence Ontology Structural Variant Value Set"/>
      <description value="Descendent terms of SO:0001537."/>
      <exampleBoolean value="false"/>
    </resource>
    <resource>
      <extension url="http://hl7.org/fhir/tools/StructureDefinition/resource-information">
        <valueString value="ValueSet"/>
      </extension>
      <reference>
        <reference value="ValueSet/Severity"/>
      </reference>
      <name value="Severity"/>
      <description value="Phenotypic feature severity codes from the Human Phenotype Ontology and SNOMED CT."/>
      <exampleBoolean value="false"/>
    </resource>
    <resource>
      <extension url="http://hl7.org/fhir/tools/StructureDefinition/resource-information">
        <valueString value="ValueSet"/>
      </extension>
      <reference>
        <reference value="ValueSet/Taxonomy"/>
      </reference>
      <name value="Taxonomy"/>
      <description value="Taxonomic identifiers of an organism."/>
      <exampleBoolean value="false"/>
    </resource>
    <resource>
      <extension url="http://hl7.org/fhir/tools/StructureDefinition/resource-information">
        <valueString value="ValueSet"/>
      </extension>
      <reference>
        <reference value="ValueSet/therapeuticActionability-vs"/>
      </reference>
      <name value="Therapeutic Actionability Value Set"/>
      <description value="Describes the therapeutic actionability of the variant."/>
      <exampleBoolean value="false"/>
    </resource>
    <resource>
      <extension url="http://hl7.org/fhir/tools/StructureDefinition/resource-information">
        <valueString value="ValueSet"/>
      </extension>
      <reference>
        <reference value="ValueSet/TumorGrade"/>
      </reference>
      <name value="Tumor Grade"/>
      <description value="Codes to indicate the grade of a tumor."/>
      <exampleBoolean value="false"/>
    </resource>
    <resource>
      <extension url="http://hl7.org/fhir/tools/StructureDefinition/resource-information">
        <valueString value="ValueSet"/>
      </extension>
      <reference>
        <reference value="ValueSet/TumorProgression"/>
      </reference>
      <name value="Tumor Progression"/>
      <description value="Codes to indicate if a specimen is from the primary tumor, a metastasis or a recurrence."/>
      <exampleBoolean value="false"/>
    </resource>
    <resource>
      <extension url="http://hl7.org/fhir/tools/StructureDefinition/resource-information">
        <valueString value="ValueSet"/>
      </extension>
      <reference>
        <reference value="ValueSet/TumorStage"/>
      </reference>
      <name value="Tumor Stage"/>
      <description value="Codes to represent the stage of a tumor."/>
      <exampleBoolean value="false"/>
    </resource>
    <resource>
      <extension url="http://hl7.org/fhir/tools/StructureDefinition/resource-information">
        <valueString value="CodeSystem"/>
      </extension>
      <reference>
        <reference value="CodeSystem/categories"/>
      </reference>
      <name value="Categories"/>
      <description value="Various categories or tags"/>
      <exampleBoolean value="false"/>
    </resource>
    <resource>
      <extension url="http://hl7.org/fhir/tools/StructureDefinition/resource-information">
        <valueString value="CodeSystem"/>
      </extension>
      <reference>
        <reference value="CodeSystem/HtsFormat"/>
      </reference>
      <name value="HTS Format"/>
      <description value="An enumeration used to represent different high-throughput sequencing file formats."/>
      <exampleBoolean value="false"/>
    </resource>
    <resource>
      <extension url="http://hl7.org/fhir/tools/StructureDefinition/resource-information">
        <valueString value="CodeSystem"/>
      </extension>
      <reference>
        <reference value="CodeSystem/KaryotypicSex"/>
      </reference>
      <name value="Karyotypic sex code system"/>
      <description value="karyotypic sex of an individual (also known as chromosomal sex)"/>
      <exampleBoolean value="false"/>
    </resource>
    <resource>
      <extension url="http://hl7.org/fhir/tools/StructureDefinition/resource-information">
        <valueString value="CodeSystem"/>
      </extension>
      <reference>
        <reference value="CodeSystem/phenotypicFeatureStatusCS"/>
      </reference>
      <name value="Categories"/>
      <description value="Various categories or tags"/>
      <exampleBoolean value="false"/>
    </resource>
    <resource>
      <extension url="http://hl7.org/fhir/tools/StructureDefinition/resource-information">
        <valueString value="Composition"/>
      </extension>
      <reference>
        <reference value="Composition/DevelopmentalDelay"/>
      </reference>
      <name value="DevelopmentalDelay"/>
      <description value="Example use case for a child with undiagnosed developmental delay"/>
      <exampleCanonical value="https://github.com/phenopackets/core-ig/StructureDefinition/Phenopacket"/>
    </resource>
    <resource>
      <extension url="http://hl7.org/fhir/tools/StructureDefinition/resource-information">
        <valueString value="Practitioner"/>
      </extension>
      <reference>
        <reference value="Practitioner/PeterGeneticist"/>
      </reference>
      <name value="PeterGeneticist"/>
      <description value="Extended example: example practitioner"/>
      <exampleBoolean value="true"/>
    </resource>
    <resource>
      <extension url="http://hl7.org/fhir/tools/StructureDefinition/resource-information">
        <valueString value="Composition"/>
      </extension>
      <reference>
        <reference value="Composition/PhenopacketCompositionExample01"/>
      </reference>
      <name value="PhenopacketCompositionExample01"/>
      <exampleCanonical value="https://github.com/phenopackets/core-ig/StructureDefinition/Phenopacket"/>
    </resource>
    <resource>
      <extension url="http://hl7.org/fhir/tools/StructureDefinition/resource-information">
        <valueString value="Practitioner"/>
      </extension>
      <reference>
        <reference value="Practitioner/PhenopacketPractitionerExample01"/>
      </reference>
      <name value="phenopacket Practitioner Example01"/>
      <description value=" This is an incomplete example that used as &#xA;               a placeholder for a curated Practitioner example"/>
      <exampleBoolean value="true"/>
    </resource>
    <resource>
      <extension url="http://hl7.org/fhir/tools/StructureDefinition/resource-information">
        <valueString value="Bundle"/>
      </extension>
      <reference>
        <reference value="Bundle/PhenopacketsBundleExample01"/>
      </reference>
      <name value="PhenopacketsBundleExample01"/>
      <exampleBoolean value="true"/>
    </resource>
    <resource>
      <extension url="http://hl7.org/fhir/tools/StructureDefinition/resource-information">
        <valueString value="DiagnosticReport"/>
      </extension>
      <reference>
        <reference value="DiagnosticReport/PhenopacketsGenomicInterpretationExample01"/>
      </reference>
      <name value="Phenopackets Genomic Interpretation Example-1"/>
      <description value="This is an example of phenopackets-variant which is a phenopackets profile of &#xA;              the genomics reporting Genomics Report profile. &#xA;              It represents phenopackets GenomicInterpretation building block, i.e., the &#xA;              interpretation for an individual variant or gene."/>
      <exampleCanonical value="https://github.com/phenopackets/core-ig/StructureDefinition/phenopackets-genomic-interpretation"/>
    </resource>
    <resource>
      <extension url="http://hl7.org/fhir/tools/StructureDefinition/resource-information">
        <valueString value="DiagnosticReport"/>
      </extension>
      <reference>
        <reference value="DiagnosticReport/PhenopacketsGenomicInterpretationExample02"/>
      </reference>
      <name value="Phenopackets Genomic Interpretation Example-2"/>
      <description value="This is an example of phenopackets-variant which is a phenopackets profile of &#xA;              the genomics reporting Genomics Report profile. &#xA;              It represents phenopackets GenomicInterpretation building block, i.e., the &#xA;              interpretation for an individual variant or gene."/>
      <exampleCanonical value="https://github.com/phenopackets/core-ig/StructureDefinition/phenopackets-genomic-interpretation"/>
    </resource>
    <resource>
      <extension url="http://hl7.org/fhir/tools/StructureDefinition/resource-information">
        <valueString value="Observation"/>
      </extension>
      <reference>
        <reference value="Observation/PhenopacketsVariantExample01"/>
      </reference>
      <name value="Phenopackets Variant Example-1"/>
      <description value="This is an example of phenopackets-genomic-interpretation &#xA;              which is a phenopackets profile of the genomics reporting Variant profile. &#xA;              It represents phenopackets GeneDescriptor, VariationDescriptor, VcfRecord, &#xA;              and VariantInterpretation building blocks."/>
      <exampleCanonical value="https://github.com/phenopackets/core-ig/StructureDefinition/phenopackets-variant"/>
    </resource>
    <resource>
      <extension url="http://hl7.org/fhir/tools/StructureDefinition/resource-information">
        <valueString value="Patient"/>
      </extension>
      <reference>
        <reference value="Patient/Proband1"/>
      </reference>
      <name value="Proband1"/>
      <description value="Example child with developmental delay"/>
      <exampleCanonical value="https://github.com/phenopackets/core-ig/StructureDefinition/Individual"/>
    </resource>
    <resource>
      <extension url="http://hl7.org/fhir/tools/StructureDefinition/resource-information">
        <valueString value="Specimen"/>
      </extension>
      <reference>
        <reference value="Specimen/biosample.specimen.id.1"/>
      </reference>
      <name value="bladderCarcinoma"/>
      <description value="Biosample Example for bladder carcinoma"/>
      <exampleCanonical value="https://github.com/phenopackets/core-ig/StructureDefinition/Biosample"/>
    </resource>
    <resource>
      <extension url="http://hl7.org/fhir/tools/StructureDefinition/resource-information">
        <valueString value="Specimen"/>
      </extension>
      <reference>
        <reference value="Specimen/biosample.specimen.id.2"/>
      </reference>
      <name value="muscleBiopsy"/>
      <description value="Biosample Example -- muscle biopsy"/>
      <exampleCanonical value="https://github.com/phenopackets/core-ig/StructureDefinition/Biosample"/>
    </resource>
    <resource>
      <extension url="http://hl7.org/fhir/tools/StructureDefinition/resource-information">
        <valueString value="Patient"/>
      </extension>
      <reference>
        <reference value="Patient/example-patient"/>
      </reference>
      <name value="example-patient"/>
      <description value="Example of Patient"/>
      <exampleCanonical value="https://github.com/phenopackets/core-ig/StructureDefinition/Individual"/>
    </resource>
    <resource>
      <extension url="http://hl7.org/fhir/tools/StructureDefinition/resource-information">
        <valueString value="Observation"/>
      </extension>
      <reference>
        <reference value="Observation/hp.0000343"/>
      </reference>
      <name value="longPhiltrum"/>
      <description value="Long philtrum (HP:0000343)"/>
      <exampleCanonical value="https://github.com/phenopackets/core-ig/StructureDefinition/PhenotypicFeature"/>
    </resource>
    <resource>
      <extension url="http://hl7.org/fhir/tools/StructureDefinition/resource-information">
        <valueString value="Observation"/>
      </extension>
      <reference>
        <reference value="Observation/hp.0000369"/>
      </reference>
      <name value="lowSetEars"/>
      <description value="Low-set ears (HP:0000369)"/>
      <exampleCanonical value="https://github.com/phenopackets/core-ig/StructureDefinition/PhenotypicFeature"/>
    </resource>
    <resource>
      <extension url="http://hl7.org/fhir/tools/StructureDefinition/resource-information">
        <valueString value="Observation"/>
      </extension>
      <reference>
        <reference value="Observation/hp.0000541"/>
      </reference>
      <name value="retinalDetachment"/>
      <description value="Retinal detachment (HP:0000541)"/>
      <exampleCanonical value="https://github.com/phenopackets/core-ig/StructureDefinition/PhenotypicFeature"/>
    </resource>
    <resource>
      <extension url="http://hl7.org/fhir/tools/StructureDefinition/resource-information">
        <valueString value="Observation"/>
      </extension>
      <reference>
        <reference value="Observation/hp.0000568"/>
      </reference>
      <name value="microphthalmia"/>
      <description value="Long philtrum (HP:0000568)"/>
      <exampleCanonical value="https://github.com/phenopackets/core-ig/StructureDefinition/PhenotypicFeature"/>
    </resource>
    <resource>
      <extension url="http://hl7.org/fhir/tools/StructureDefinition/resource-information">
        <valueString value="Observation"/>
      </extension>
      <reference>
        <reference value="Observation/hp.0001252"/>
      </reference>
      <name value="hypotonia"/>
      <description value="Hypotonia (HP:0001252)"/>
      <exampleCanonical value="https://github.com/phenopackets/core-ig/StructureDefinition/PhenotypicFeature"/>
    </resource>
    <resource>
      <extension url="http://hl7.org/fhir/tools/StructureDefinition/resource-information">
        <valueString value="Observation"/>
      </extension>
      <reference>
        <reference value="Observation/hp.0001263"/>
      </reference>
      <name value="globalDevelopmentalDelay"/>
      <description value="Global developmental delay (HP:0001263)"/>
      <exampleCanonical value="https://github.com/phenopackets/core-ig/StructureDefinition/PhenotypicFeature"/>
    </resource>
    <resource>
      <extension url="http://hl7.org/fhir/tools/StructureDefinition/resource-information">
        <valueString value="Observation"/>
      </extension>
      <reference>
        <reference value="Observation/hp.0001324"/>
      </reference>
      <name value="muscleWeakness"/>
      <description value="Muscle weakness (HP:0001324)"/>
      <exampleCanonical value="https://github.com/phenopackets/core-ig/StructureDefinition/PhenotypicFeature"/>
    </resource>
    <resource>
      <extension url="http://hl7.org/fhir/tools/StructureDefinition/resource-information">
        <valueString value="Observation"/>
      </extension>
      <reference>
        <reference value="Observation/hp.0001669"/>
      </reference>
      <name value="tga"/>
      <description value="Transposition of the great arteries (HP:0001669)"/>
      <exampleCanonical value="https://github.com/phenopackets/core-ig/StructureDefinition/PhenotypicFeature"/>
    </resource>
    <resource>
      <extension url="http://hl7.org/fhir/tools/StructureDefinition/resource-information">
        <valueString value="Observation"/>
      </extension>
      <reference>
        <reference value="Observation/hp.0003202"/>
      </reference>
      <name value="amyotrophy"/>
      <description value="Skeletal muscle atrophy (HP:0003202)"/>
      <exampleCanonical value="https://github.com/phenopackets/core-ig/StructureDefinition/PhenotypicFeature"/>
    </resource>
    <resource>
      <extension url="http://hl7.org/fhir/tools/StructureDefinition/resource-information">
        <valueString value="Observation"/>
      </extension>
      <reference>
        <reference value="Observation/hp.0003557"/>
      </reference>
      <name value="fiberSizeVariability"/>
      <description value="Increased variability in muscle fiber diameter (HP:0003557)"/>
      <exampleCanonical value="https://github.com/phenopackets/core-ig/StructureDefinition/PhenotypicFeature"/>
    </resource>
    <resource>
      <extension url="http://hl7.org/fhir/tools/StructureDefinition/resource-information">
        <valueString value="Observation"/>
      </extension>
      <reference>
        <reference value="Observation/hp.0007663"/>
      </reference>
      <name value="reducedVisualAcuity"/>
      <description value="Reduced visual acuity (HP:0007663)"/>
      <exampleCanonical value="https://github.com/phenopackets/core-ig/StructureDefinition/PhenotypicFeature"/>
    </resource>
    <resource>
      <extension url="http://hl7.org/fhir/tools/StructureDefinition/resource-information">
        <valueString value="Condition"/>
      </extension>
      <reference>
        <reference value="Condition/id.disease.1"/>
      </reference>
      <name value="excluded-disease"/>
      <description value="Phenopacket Example for an excluded disease"/>
      <exampleCanonical value="https://github.com/phenopackets/core-ig/StructureDefinition/Disease"/>
    </resource>
    <resource>
      <extension url="http://hl7.org/fhir/tools/StructureDefinition/resource-information">
        <valueString value="Condition"/>
      </extension>
      <reference>
        <reference value="Condition/id.disease.2"/>
      </reference>
      <name value="vitreoretinochoroidopathy"/>
      <description value="Phenopacket Example for autosomal dominant vitreoretinochoroidopathy"/>
      <exampleCanonical value="https://github.com/phenopackets/core-ig/StructureDefinition/Disease"/>
    </resource>
    <resource>
      <extension url="http://hl7.org/fhir/tools/StructureDefinition/resource-information">
        <valueString value="Condition"/>
      </extension>
      <reference>
        <reference value="Condition/id.disease.3"/>
      </reference>
      <name value="CHF-stageIII"/>
      <description value="Congestive heart failure, New York Heart Association stage III"/>
      <exampleCanonical value="https://github.com/phenopackets/core-ig/StructureDefinition/Disease"/>
    </resource>
    <resource>
      <extension url="http://hl7.org/fhir/tools/StructureDefinition/resource-information">
        <valueString value="Condition"/>
      </extension>
      <reference>
        <reference value="Condition/id.disease.intellectualDisability"/>
      </reference>
      <name value="intellectualDisabilityDisease"/>
      <description value="Intellectual disability (disease)"/>
      <exampleCanonical value="https://github.com/phenopackets/core-ig/StructureDefinition/Disease"/>
    </resource>
    <resource>
      <extension url="http://hl7.org/fhir/tools/StructureDefinition/resource-information">
        <valueString value="Observation"/>
      </extension>
      <reference>
        <reference value="Observation/id.measurement.1"/>
      </reference>
      <name value="thrombocytopenia"/>
      <description value="Measurement Example for thrombocytopenia"/>
      <exampleCanonical value="https://github.com/phenopackets/core-ig/StructureDefinition/Measurement"/>
    </resource>
    <resource>
      <extension url="http://hl7.org/fhir/tools/StructureDefinition/resource-information">
        <valueString value="Observation"/>
      </extension>
      <reference>
        <reference value="Observation/id.phenotypicfeature.1"/>
      </reference>
      <name value="arachnodactyly"/>
      <description value="PhenotypicFeature Example for arachnodactyly"/>
      <exampleCanonical value="https://github.com/phenopackets/core-ig/StructureDefinition/PhenotypicFeature"/>
    </resource>
    <resource>
      <extension url="http://hl7.org/fhir/tools/StructureDefinition/resource-information">
        <valueString value="Observation"/>
      </extension>
      <reference>
        <reference value="Observation/id.phenotypicfeature.2"/>
      </reference>
      <name value="lvdysfunction-excluded"/>
      <description value="PhenotypicFeature Example for exclusion of LV dysfunction"/>
      <exampleCanonical value="https://github.com/phenopackets/core-ig/StructureDefinition/PhenotypicFeature"/>
    </resource>
    <resource>
      <extension url="http://hl7.org/fhir/tools/StructureDefinition/resource-information">
        <valueString value="Observation"/>
      </extension>
      <reference>
        <reference value="Observation/id.phenotypicfeature.3"/>
      </reference>
      <name value="MVP-with-onset"/>
      <description value="PhenotypicFeature Example for mitral value prolapse with onset"/>
      <exampleCanonical value="https://github.com/phenopackets/core-ig/StructureDefinition/PhenotypicFeature"/>
    </resource>
    <resource>
      <extension url="http://hl7.org/fhir/tools/StructureDefinition/resource-information">
        <valueString value="Observation"/>
      </extension>
      <reference>
        <reference value="Observation/id.phenotypicfeature.4"/>
      </reference>
      <name value="CHF-with-severity"/>
      <description value="PhenotypicFeature Example for severe Low-output congestive heart failure"/>
      <exampleCanonical value="https://github.com/phenopackets/core-ig/StructureDefinition/PhenotypicFeature"/>
    </resource>
    <resource>
      <extension url="http://hl7.org/fhir/tools/StructureDefinition/resource-information">
        <valueString value="MedicationAdministration"/>
      </extension>
      <reference>
        <reference value="MedicationAdministration/id.treatment.1"/>
      </reference>
      <name value="losartan"/>
      <description value="Treatment Example (Losartan))"/>
      <exampleCanonical value="https://github.com/phenopackets/core-ig/StructureDefinition/Treatment"/>
    </resource>
    <resource>
      <extension url="http://hl7.org/fhir/tools/StructureDefinition/resource-information">
        <valueString value="Observation"/>
      </extension>
      <reference>
        <reference value="Observation/karyotypic-sex-invalid-1"/>
      </reference>
      <name value="An INVALID karyotypic sex Observation instance."/>
      <exampleBoolean value="true"/>
    </resource>
    <resource>
      <extension url="http://hl7.org/fhir/tools/StructureDefinition/resource-information">
        <valueString value="Observation"/>
      </extension>
      <reference>
        <reference value="Observation/karyotypic-sex-valid-1"/>
      </reference>
      <name value="A VALID karyotypic sex Observation instance."/>
      <exampleBoolean value="true"/>
    </resource>
    <resource>
      <extension url="http://hl7.org/fhir/tools/StructureDefinition/resource-information">
        <valueString value="Patient"/>
      </extension>
      <reference>
        <reference value="Patient/phenopacketPatientExample01"/>
      </reference>
      <name value="phenopacket Patient Example01"/>
      <description value="This is an example of a patient resource to be used in the assocaited patient examples. It is not representative of phenopackets patient's data representation"/>
      <exampleBoolean value="true"/>
    </resource>
    <resource>
      <extension url="http://hl7.org/fhir/tools/StructureDefinition/resource-information">
        <valueString value="Specimen"/>
      </extension>
      <reference>
        <reference value="Specimen/phenopacketSpecimenExample01"/>
      </reference>
      <name value="phenopacket Specimen Example01"/>
      <description value=" This is an incomplete example that used as &#xA;               a placeholder for a curated specimen example"/>
      <exampleBoolean value="true"/>
    </resource>
    <resource>
      <extension url="http://hl7.org/fhir/tools/StructureDefinition/resource-information">
        <valueString value="Observation"/>
      </extension>
      <reference>
        <reference value="Observation/phenotypic-abnormality-invalid-1"/>
      </reference>
      <name value="An INVALID phenotypic abnormality Observation example."/>
      <exampleBoolean value="true"/>
    </resource>
    <resource>
      <extension url="http://hl7.org/fhir/tools/StructureDefinition/resource-information">
        <valueString value="Observation"/>
      </extension>
      <reference>
        <reference value="Observation/phenotypic-abnormality-invalid-meta-profile"/>
      </reference>
      <name value="phenotypic-abnormality-invalid-meta-profile"/>
      <exampleBoolean value="true"/>
    </resource>
    <resource>
      <extension url="http://hl7.org/fhir/tools/StructureDefinition/resource-information">
        <valueString value="Observation"/>
      </extension>
      <reference>
        <reference value="Observation/phenotypic-abnormality-valid-1"/>
      </reference>
      <name value="A valid phenotypic abnormality Observation example."/>
      <exampleBoolean value="true"/>
    </resource>
    <resource>
      <extension url="http://hl7.org/fhir/tools/StructureDefinition/resource-information">
        <valueString value="SearchParameter"/>
      </extension>
      <reference>
        <reference value="SearchParameter/service-request-supporting-info"/>
      </reference>
      <name value="service-request-supporting-info"/>
      <description value="Search ServiceRequest by supporting resource parameters"/>
      <exampleBoolean value="false"/>
    </resource>
    <page>
      <nameUrl value="toc.html"/>
      <title value="Table of Contents"/>
      <generation value="html"/>
      <page>
        <nameUrl value="index.html"/>
        <title value="Home"/>
        <generation value="markdown"/>
      </page>
      <page>
        <nameUrl value="ga4gh.html"/>
        <title value="GA4GH"/>
        <generation value="markdown"/>
      </page>
      <page>
        <nameUrl value="genomicDiagnostics.html"/>
        <title value="Genomic Diagnostics"/>
        <generation value="markdown"/>
      </page>
      <page>
        <nameUrl value="phenotype.html"/>
        <title value="Deep phenotyping"/>
        <generation value="markdown"/>
      </page>
      <page>
        <nameUrl value="modeling.html"/>
        <title value="Modeling phenotypic data"/>
        <generation value="markdown"/>
      </page>
      <page>
        <nameUrl value="hpo.html"/>
        <title value="Human Phenotype Ontology"/>
        <generation value="markdown"/>
      </page>
      <page>
        <nameUrl value="examples.html"/>
        <title value="Examples"/>
        <generation value="markdown"/>
      </page>
    </page>
    <parameter>
      <code value="path-resource"/>
      <value value="input/capabilities"/>
    </parameter>
    <parameter>
      <code value="path-resource"/>
      <value value="input/examples"/>
    </parameter>
    <parameter>
      <code value="path-resource"/>
      <value value="input/extensions"/>
    </parameter>
    <parameter>
      <code value="path-resource"/>
      <value value="input/models"/>
    </parameter>
    <parameter>
      <code value="path-resource"/>
      <value value="input/operations"/>
    </parameter>
    <parameter>
      <code value="path-resource"/>
      <value value="input/profiles"/>
    </parameter>
    <parameter>
      <code value="path-resource"/>
      <value value="input/resources"/>
    </parameter>
    <parameter>
      <code value="path-resource"/>
      <value value="input/vocabulary"/>
    </parameter>
    <parameter>
      <code value="path-resource"/>
      <value value="input/maps"/>
    </parameter>
    <parameter>
      <code value="path-resource"/>
      <value value="input/testing"/>
    </parameter>
    <parameter>
      <code value="path-resource"/>
      <value value="input/history"/>
    </parameter>
    <parameter>
      <code value="path-resource"/>
      <value value="fsh-generated/resources"/>
    </parameter>
    <parameter>
      <code value="path-pages"/>
      <value value="template/config"/>
    </parameter>
    <parameter>
      <code value="path-pages"/>
      <value value="input/images"/>
    </parameter>
    <parameter>
      <code value="path-tx-cache"/>
      <value value="input-cache/txcache"/>
    </parameter>
  </definition>
</ImplementationGuide>