<?xml version="1.0" encoding="UTF-8"?>

<Patient xmlns="http://hl7.org/fhir">
  <id value="example-patient"/>
  <meta>
    <profile value="https://github.com/phenopackets/core-ig/StructureDefinition/Individual"/>
  </meta>
  <text>
    <status value="generated"/><div xmlns="http://www.w3.org/1999/xhtml"><p><b>Anyname A. Anyperson </b> male, DoB: 2001-01-20 ( Medical Record Number: m123 (USUAL))</p></div>
  </text>
  <identifier>
    <use value="usual"/>
    <type>
      <coding>
        <system value="http://terminology.hl7.org/CodeSystem/v2-0203"/>
        <code value="MR"/>
        <display value="Medical Record Number"/>
      </coding>
    </type>
    <system value="http://hospital.example.org"/>
    <value value="m123"/>
  </identifier>
  <name>
    <family value="Anyperson"/>
    <given value="Anyname"/>
    <given value="A."/>
  </name>
  <gender value="male"/>
  <birthDate value="2001-01-20"/>
  <address>
    <line value="123 Any St"/>
    <city value="Anytown"/>
    <postalCode value="12345"/>
    <country value="US"/>
  </address>
  <contact>
    <telecom>
      <system value="phone"/>
      <value value="777-444-2222"/>
      <use value="home"/>
    </telecom>
    <telecom>
      <system value="email"/>
      <value value="anyname.anyperson@example.com"/>
    </telecom>
  </contact>
  <communication>
    <language>
      <coding>
        <system value="urn:ietf:bcp:47"/>
        <code value="en-US"/>
        <display value="English (Region=United States)"/>
      </coding>
      <text value="English"/>
    </language>
  </communication>
</Patient>