{
  "resourceType": "Condition",
  "id": "id.disease.intellectualDisability",
  "meta": {
    "profile": [
      "https://github.com/phenopackets/core-ig/StructureDefinition/Disease"
    ]
  },
  "text": {
    "status": "generated",
    "div": "<div xmlns=\"http://www.w3.org/1999/xhtml\"><p><b>Generated Narrative: Condition</b></p><div style=\"display: inline-block; background-color: #d9e0e7; padding: 6px; margin: 4px; border: 1px solid #8da1b4; border-radius: 5px; line-height: 60%\"><p style=\"margin-bottom: 0px\">Resource Condition \"id.disease.intellectualDisability\" </p><p style=\"margin-bottom: 0px\">Profile: <a href=\"StructureDefinition-Disease.html\">Disease profile</a></p></div><p><b>code</b>: Intellectual disability <span style=\"background: LightGoldenRodYellow; margin: 4px; border: 1px solid khaki\"> (mondo#MONDO_0001071)</span></p><p><b>subject</b>: <a href=\"Patient-Proband1.html\">Patient/Proband1</a> \" ANYPERSON\"</p></div>"
  },
  "code": {
    "coding": [
      {
        "system": "http://github.com/monarch-initiative/mondo",
        "code": "MONDO_0001071",
        "display": "Intellectual disability"
      }
    ]
  },
  "subject": {
    "reference": "Patient/Proband1"
  }
}